{"llm_query_cost_breakdown": [0, 0.0007175, 0.0007175, 0.0009205, 0.0009205, 0.0009170000000000001, 0.0007140000000000001, 0.0007175, 0.0007175, 0.000917, 0.0007140000000000001], "llm_query_time_breakdown": [0.04029989242553711, 8.617389440536499, 10.268803834915161, 9.254344463348389, 11.49236273765564, 11.520502090454102, 10.19218897819519, 10.643584489822388, 12.609313249588013, 15.992682456970215, 24.66010570526123], "llm_query_cost": 0.007973000000000001, "llm_query_time": 125.29157733917236}