{"llm_query_cost_breakdown": [0, 0.010690999999999999, 0.012654000000000002, 0.013578, 0.014502000000000003, 0.014054999999999998, 0.014893000000000002, 0.015731, 0.016571000000000002, 0.019122000000000004, 0.018255, 0.020970000000000003, 0.021893999999999997, 0.022817999999999998, 0.021611000000000005, 0.018029, 0.025589999999999995, 0.026513999999999996, 0.027438, 0.025811, 0.029286], "llm_query_time_breakdown": [2.194714069366455, 5.056415796279907, 5.033054828643799, 4.1421003341674805, 2.4667162895202637, 3.331453323364258, 39.84822654724121, 2.6637699604034424, 2.3631579875946045, 2.724470615386963, 49.555419921875, 2.42517352104187, 4.860795497894287, 51.71704959869385, 4.063969850540161, 2.3835415840148926, 52.66078186035156, 2.5514137744903564, 2.8089377880096436, 54.61008667945862, 2.7309165000915527], "llm_query_cost": 0.390013, "llm_query_time": 300.1921663284302}