{"llm_query_cost_breakdown": [0, 0.013120999999999999, 0.014231000000000004, 0.015334, 0.016458, 0.017585999999999997, 0.018715999999999997, 0.019828000000000002, 0.02095, 0.022082000000000004, 0.023193000000000002, 0.024335, 0.025467000000000004, 0.026586999999999996, 0.027714999999999997, 0.028841000000000006, 0.029946999999999994, 0.031091, 0.032211000000000004, 0.033325999999999995, 0.034480000000000004], "llm_query_time_breakdown": [0.4571690559387207, 2.638124704360962, 3.317420721054077, 2.4337637424468994, 5.313317060470581, 2.5364816188812256, 43.80892634391785, 2.4631476402282715, 3.3846523761749268, 2.6038107872009277, 51.14464044570923, 2.854701280593872, 2.6633644104003906, 52.939011335372925, 2.5184168815612793, 2.544903039932251, 54.61066174507141, 2.5211424827575684, 2.7899951934814453, 53.873048305511475, 2.920574426651001], "llm_query_cost": 0.47549899999999995, "llm_query_time": 300.3372735977173}