{
    "GP": {
        "rmse": [
            2.884361869293606
        ],
        "r2": [
            -88.69602929912433
        ],
        "nll": [
            2.6749459188398075
        ],
        "mace": [
            0.0920707070707071
        ],
        "sharpness": [
            2.783314687653942
        ],
        "observed_coverage": [
            0.7
        ],
        "regret": [
            0.0015221212443160294
        ],
        "y_pred": [
            [
                -0.18364016881412937,
                4.8591447435551665,
                -0.29007903999919193,
                -0.198222765586209,
                7.291035125364219,
                0.6235044511150711,
                -0.04565339588376105,
                4.045745024578014,
                0.5389849790840486,
                -0.022409579469261587
            ]
        ],
        "y_std": [
            [
                6.227099776712786,
                1.778627583535726,
                1.6071884615947711,
                1.117291075141413,
                1.4756090102765307,
                1.5278488482605954,
                4.421644017260792,
                2.584202217561343,
                0.04462162521738963,
                0.9767049897345463
            ]
        ],
        "y_true": [
            [
                0.5285810055744485,
                0.8180823113279191,
                1.2410294450666273,
                0.8186427541137253,
                0.7587016027194562,
                0.6200823900697129,
                0.6924031458051964,
                1.4272230235182448,
                0.5035938261135736,
                0.8043209984948324
            ]
        ]
    },
    "SMAC": {
        "rmse": [
            2.8184198379615286
        ],
        "r2": [
            -84.6416647491419
        ],
        "nll": [
            2.001331357653803
        ],
        "mace": [
            0.08962626262626262
        ],
        "sharpness": [
            3.001056990890147
        ],
        "observed_coverage": [
            0.8
        ],
        "regret": [
            0.019191548492253515
        ],
        "y_pred": [
            [
                0.9197641384227593,
                4.84535252479914,
                4.847754200648176,
                3.011000280462543,
                4.84535252479914,
                0.9358660116072105,
                0.9197641384227593,
                4.84535252479914,
                0.9197641384227593,
                3.011000280462543
            ]
        ],
        "y_std": [
            [
                1.0658179136734347,
                3.731646801669272,
                3.7286107201688243,
                3.863454747595822,
                3.731646801669272,
                1.0605944169001935,
                1.0658179136734347,
                3.731646801669272,
                1.0658179136734347,
                3.863454747595822
            ]
        ],
        "y_true": [
            [
                0.5285810055744485,
                0.8180823113279191,
                1.2410294450666273,
                0.8186427541137253,
                0.7587016027194562,
                0.6200823900697129,
                0.6924031458051964,
                1.4272230235182448,
                0.5035938261135736,
                0.8043209984948324
            ]
        ]
    },
    "LLAMBO": {
        "rmse": [
            2.269527844768207
        ],
        "r2": [
            -54.53218446068564
        ],
        "nll": [
            4.361863082988974
        ],
        "mace": [
            0.31799999999999995
        ],
        "sharpness": [
            2.117691446745134
        ],
        "observed_coverage": [
            0.4
        ],
        "regret": [
            0.015540167987749556
        ],
        "y_pred": [
            [
                1.334,
                0.6832750000000001,
                0.47434000000000004,
                0.47626,
                7.2057199999999995,
                0.41074,
                0.50668,
                0.52105,
                0.4896,
                0.48026
            ]
        ],
        "y_std": [
            [
                0.8181344632760559,
                0.2563360623771069,
                0.007315627109141089,
                0.007479999999999998,
                6.639822262199493,
                0.14556603449981043,
                0.02500867049644984,
                0.04105000000000003,
                0.015304901175767206,
                0.005922026680115515
            ]
        ],
        "y_true": [
            [
                0.5285810055744485,
                0.8180823113279191,
                1.2410294450666273,
                0.8186427541137253,
                0.7587016027194562,
                0.6200823900697129,
                0.6924031458051964,
                1.4272230235182448,
                0.5035938261135736,
                0.8043209984948324
            ]
        ],
        "llm_query_cost": [
            0.0013999999999999996
        ],
        "llm_query_time": [
            16.8535737991333
        ]
    },
    "LLAMBO_VANILLA": {
        "rmse": [
            7.826926652474653
        ],
        "r2": [
            -659.4748039666302
        ],
        "nll": [
            NaN
        ],
        "mace": [
            0.49
        ],
        "sharpness": [
            1e-05
        ],
        "observed_coverage": [
            0.0
        ],
        "regret": [
            0.019191548492253515
        ],
        "y_pred": [
            [
                2.5235,
                0.5128,
                0.48,
                0.4742,
                5.1534,
                0.4963,
                0.5114,
                16.9,
                0.52,
                16.9
            ]
        ],
        "y_std": [
            [
                1e-05,
                1e-05,
                1e-05,
                1e-05,
                1e-05,
                1e-05,
                1e-05,
                1e-05,
                1e-05,
                1e-05
            ]
        ],
        "y_true": [
            [
                0.5285810055744485,
                0.8180823113279191,
                1.2410294450666273,
                0.8186427541137253,
                0.7587016027194562,
                0.6200823900697129,
                0.6924031458051964,
                1.4272230235182448,
                0.5035938261135736,
                0.8043209984948324
            ]
        ],
        "llm_query_cost": [
            0.00028
        ],
        "llm_query_time": [
            2.9385972023010254
        ]
    }
}