{
    "GP": {
        "rmse": [
            1.7182679492549253
        ],
        "r2": [
            -30.831382791085247
        ],
        "nll": [
            2.4522490464044244
        ],
        "mace": [
            0.39899999999999997
        ],
        "sharpness": [
            5.924291688146386
        ],
        "observed_coverage": [
            1.0
        ],
        "regret": [
            0.0009691594267040347
        ],
        "y_pred": [
            [
                0.2074971085366093,
                0.7095801323705083,
                1.7816178271250807,
                0.5424402396363116,
                5.703213079356262,
                0.2824620481226367,
                0.7227817351984162,
                1.1126071344396817,
                0.5150963481103246,
                0.6007859875988817
            ]
        ],
        "y_std": [
            [
                7.223115695929329,
                7.193366088995093,
                6.559882298584433,
                6.106271411955761,
                5.050777447106861,
                6.07428991185705,
                3.9257640290763853,
                7.597159565758032,
                0.2633101934642532,
                5.579485459835542
            ]
        ],
        "y_true": [
            [
                0.5285810055744485,
                0.8180823113279191,
                1.2410294450666273,
                0.8186427541137253,
                0.7587016027194562,
                0.6200823900697129,
                0.6924031458051964,
                1.4272230235182448,
                0.5035938261135736,
                0.8043209984948324
            ]
        ]
    },
    "SMAC": {
        "rmse": [
            3.4724168431069944
        ],
        "r2": [
            -128.99822871969684
        ],
        "nll": [
            1.8432816959435983
        ],
        "mace": [
            0.1692020202020202
        ],
        "sharpness": [
            4.2995089960297275
        ],
        "observed_coverage": [
            0.9
        ],
        "regret": [
            0.012219571997809495
        ],
        "y_pred": [
            [
                1.026512369583514,
                1.109800833693527,
                4.06065064222823,
                4.060363054507859,
                9.091401847983093,
                2.5518041712936586,
                1.0933479265321941,
                1.109800833693527,
                0.7088837093010082,
                4.060363054507859
            ]
        ],
        "y_std": [
            [
                1.035819174598483,
                0.993145800498632,
                6.289705387145744,
                6.289873092298034,
                7.269222997838654,
                3.027504108989029,
                1.0038522686862656,
                0.993145800498632,
                0.3341753338074111,
                6.289873092298034
            ]
        ],
        "y_true": [
            [
                0.5285810055744485,
                0.8180823113279191,
                1.2410294450666273,
                0.8186427541137253,
                0.7587016027194562,
                0.6200823900697129,
                0.6924031458051964,
                1.4272230235182448,
                0.5035938261135736,
                0.8043209984948324
            ]
        ]
    },
    "LLAMBO": {
        "rmse": [
            4.981355927723863
        ],
        "r2": [
            -266.5277732523462
        ],
        "nll": [
            19.42898109611829
        ],
        "mace": [
            0.34900000000000003
        ],
        "sharpness": [
            4.822270503417451
        ],
        "observed_coverage": [
            0.3
        ],
        "regret": [
            0.02860237518263102
        ],
        "y_pred": [
            [
                0.56414,
                0.81,
                13.34,
                0.495,
                0.51,
                0.4967,
                8.705,
                0.5107,
                0.491,
                0.5303500000000001
            ]
        ],
        "y_std": [
            [
                0.06788930990958739,
                1e-05,
                12.86,
                0.015000000000000013,
                1e-05,
                1e-05,
                8.195,
                1e-05,
                0.009110433579144307,
                0.01965
            ]
        ],
        "y_true": [
            [
                0.5285810055744485,
                0.8180823113279191,
                1.2410294450666273,
                0.8186427541137253,
                0.7587016027194562,
                0.6200823900697129,
                0.6924031458051964,
                1.4272230235182448,
                0.5035938261135736,
                0.8043209984948324
            ]
        ],
        "llm_query_cost": [
            0.0013999999999999996
        ],
        "llm_query_time": [
            24.228995323181152
        ]
    },
    "LLAMBO_VANILLA": {
        "rmse": [
            0.4490003956915551
        ],
        "r2": [
            -1.1735376835304407
        ],
        "nll": [
            NaN
        ],
        "mace": [
            0.49
        ],
        "sharpness": [
            1e-05
        ],
        "observed_coverage": [
            0.0
        ],
        "regret": [
            0.0009691594267040347
        ],
        "y_pred": [
            [
                0.5107,
                0.5166,
                0.5166,
                0.5166,
                0.5166,
                0.5166,
                0.5166,
                0.5166,
                0.5225,
                0.5166
            ]
        ],
        "y_std": [
            [
                1e-05,
                1e-05,
                1e-05,
                1e-05,
                1e-05,
                1e-05,
                1e-05,
                1e-05,
                1e-05,
                1e-05
            ]
        ],
        "y_true": [
            [
                0.5285810055744485,
                0.8180823113279191,
                1.2410294450666273,
                0.8186427541137253,
                0.7587016027194562,
                0.6200823900697129,
                0.6924031458051964,
                1.4272230235182448,
                0.5035938261135736,
                0.8043209984948324
            ]
        ],
        "llm_query_cost": [
            0.00028
        ],
        "llm_query_time": [
            3.412097930908203
        ]
    }
}