{
    "GP": {
        "rmse": [
            1.8060123422071688
        ],
        "r2": [
            -34.16536702378989
        ],
        "nll": [
            0.6663056869129731
        ],
        "mace": [
            0.38299999999999995
        ],
        "sharpness": [
            4.222340502730441
        ],
        "observed_coverage": [
            0.9
        ],
        "regret": [
            0.035824129123714854
        ],
        "y_pred": [
            [
                0.5524295785711725,
                1.6595244162235991,
                1.7368789917308376,
                0.8023239114537374,
                5.9325262217170955,
                0.32251489828131796,
                0.6924031458051967,
                1.5413749238850691,
                0.5084879032475427,
                0.8219611312321495
            ]
        ],
        "y_std": [
            [
                1.1940775930154859,
                6.275358933715534,
                5.2616185761075815,
                3.4208285340691926,
                4.139746060117979,
                4.853791497408611,
                1e-05,
                6.905088603941931,
                0.06162544658157319,
                3.11578378555037
            ]
        ],
        "y_true": [
            [
                0.5285810055744485,
                0.8180823113279191,
                1.2410294450666273,
                0.8186427541137253,
                0.7587016027194562,
                0.6200823900697129,
                0.6924031458051964,
                1.4272230235182448,
                0.5035938261135736,
                0.8043209984948324
            ]
        ]
    },
    "SMAC": {
        "rmse": [
            3.7805984931485366
        ],
        "r2": [
            -153.09723298389568
        ],
        "nll": [
            1.5144190930320989
        ],
        "mace": [
            0.17019191919191917
        ],
        "sharpness": [
            2.8065409569356516
        ],
        "observed_coverage": [
            0.9
        ],
        "regret": [
            0.012219571997809495
        ],
        "y_pred": [
            [
                0.9620105144750163,
                1.5147918098572968,
                2.4097162820799922,
                1.7497429821502073,
                11.619458443613178,
                0.7745299723847369,
                1.0628667885581498,
                1.5147918098572968,
                0.5870926418293568,
                1.7497429821502073
            ]
        ],
        "y_std": [
            [
                1.2762377103567097,
                1.6994759438838904,
                3.498792994375771,
                3.2831940428492783,
                5.991711040610562,
                0.32632148614435913,
                1.2424560563327325,
                1.6994759438838904,
                0.10217214223756162,
                3.2831940428492783
            ]
        ],
        "y_true": [
            [
                0.5285810055744485,
                0.8180823113279191,
                1.2410294450666273,
                0.8186427541137253,
                0.7587016027194562,
                0.6200823900697129,
                0.6924031458051964,
                1.4272230235182448,
                0.5035938261135736,
                0.8043209984948324
            ]
        ]
    },
    "LLAMBO": {
        "rmse": [
            5.646287560651278
        ],
        "r2": [
            -342.71597061797195
        ],
        "nll": [
            -4.741903208072282
        ],
        "mace": [
            0.41600000000000004
        ],
        "sharpness": [
            0.0023956548250564577
        ],
        "observed_coverage": [
            0.1
        ],
        "regret": [
            0.0009691594267040347
        ],
        "y_pred": [
            [
                0.5052,
                16.9,
                2.9157285714285712,
                0.51,
                2.9157285714285712,
                2.9157285714285712,
                0.6924,
                0.77,
                0.5225,
                0.51
            ]
        ],
        "y_std": [
            [
                0.007353910524340069,
                1e-05,
                0.0010505586463342956,
                1e-05,
                0.0010505586463342956,
                0.0010505586463342956,
                1e-05,
                1e-05,
                1e-05,
                1e-05
            ]
        ],
        "y_true": [
            [
                0.5285810055744485,
                0.8180823113279191,
                1.2410294450666273,
                0.8186427541137253,
                0.7587016027194562,
                0.6200823900697129,
                0.6924031458051964,
                1.4272230235182448,
                0.5035938261135736,
                0.8043209984948324
            ]
        ],
        "llm_query_cost": [
            0.0013999999999999996
        ],
        "llm_query_time": [
            38.008790493011475
        ]
    },
    "LLAMBO_VANILLA": {
        "rmse": [
            0.3546098909052156
        ],
        "r2": [
            -0.35573689947212594
        ],
        "nll": [
            -10.544506480099077
        ],
        "mace": [
            0.41600000000000004
        ],
        "sharpness": [
            1e-05
        ],
        "observed_coverage": [
            0.1
        ],
        "regret": [
            0.0009691594267040347
        ],
        "y_pred": [
            [
                0.6457666666666667,
                0.6457666666666667,
                0.6555,
                0.6457666666666667,
                0.6457666666666667,
                0.6457666666666667,
                0.6924,
                0.6457666666666667,
                0.5894,
                0.6457666666666667
            ]
        ],
        "y_std": [
            [
                1e-05,
                1e-05,
                1e-05,
                1e-05,
                1e-05,
                1e-05,
                1e-05,
                1e-05,
                1e-05,
                1e-05
            ]
        ],
        "y_true": [
            [
                0.5285810055744485,
                0.8180823113279191,
                1.2410294450666273,
                0.8186427541137253,
                0.7587016027194562,
                0.6200823900697129,
                0.6924031458051964,
                1.4272230235182448,
                0.5035938261135736,
                0.8043209984948324
            ]
        ],
        "llm_query_cost": [
            0.00028
        ],
        "llm_query_time": [
            3.8878045082092285
        ]
    }
}