{
    "GP": {
        "rmse": [
            5.736230671873414
        ],
        "r2": [
            -353.75370623806856
        ],
        "nll": [
            5.874495378857013
        ],
        "mace": [
            0.22300000000000003
        ],
        "sharpness": [
            2.68059138434044
        ],
        "observed_coverage": [
            0.3
        ],
        "regret": [
            0.0015221212443160294
        ],
        "y_pred": [
            [
                -1.6774384424321245,
                8.992515514582083,
                11.338591995612319,
                5.40350181664629,
                7.246392595791139,
                0.8197060002434454,
                0.13536400720057834,
                6.355586348346715,
                0.46737381123864263,
                5.1979541788542925
            ]
        ],
        "y_std": [
            [
                5.4556208101375265,
                2.0207159281169593,
                3.3475897452470056,
                2.228400236910771,
                0.9166508049309583,
                0.8146321832716861,
                3.4802310781448824,
                1.8383693608755072,
                0.03378559717814042,
                2.1999681066854775
            ]
        ],
        "y_true": [
            [
                0.5285810055744485,
                0.8180823113279191,
                1.2410294450666273,
                0.8186427541137253,
                0.7587016027194562,
                0.6200823900697129,
                0.6924031458051964,
                1.4272230235182448,
                0.5035938261135736,
                0.8043209984948324
            ]
        ]
    },
    "SMAC": {
        "rmse": [
            5.805220862879219
        ],
        "r2": [
            -362.3383347461188
        ],
        "nll": [
            4.366452728615121
        ],
        "mace": [
            0.4712020202020203
        ],
        "sharpness": [
            2.355530942872544
        ],
        "observed_coverage": [
            0.0
        ],
        "regret": [
            0.0015221212443160294
        ],
        "y_pred": [
            [
                6.175753831997527,
                6.175753831997527,
                6.175753831997527,
                6.175753831997527,
                6.175753831997527,
                6.175753831997527,
                6.175753831997527,
                6.175753831997527,
                6.175753831997527,
                6.175753831997527
            ]
        ],
        "y_std": [
            [
                2.3555309428725435,
                2.3555309428725435,
                2.3555309428725435,
                2.3555309428725435,
                2.3555309428725435,
                2.3555309428725435,
                2.3555309428725435,
                2.3555309428725435,
                2.3555309428725435,
                2.3555309428725435
            ]
        ],
        "y_true": [
            [
                0.5285810055744485,
                0.8180823113279191,
                1.2410294450666273,
                0.8186427541137253,
                0.7587016027194562,
                0.6200823900697129,
                0.6924031458051964,
                1.4272230235182448,
                0.5035938261135736,
                0.8043209984948324
            ]
        ]
    },
    "LLAMBO": {
        "rmse": [
            3.8062573805348867
        ],
        "r2": [
            -155.1960442234836
        ],
        "nll": [
            1.6633538305732758
        ],
        "mace": [
            0.09430303030303033
        ],
        "sharpness": [
            5.0996183643507145
        ],
        "observed_coverage": [
            0.7
        ],
        "regret": [
            0.01831912315438963
        ],
        "y_pred": [
            [
                0.7,
                1.2541,
                3.5796600000000005,
                6.918659999999998,
                7.500779999999999,
                5.676666666666667,
                0.5577,
                0.463825,
                0.48629999999999995,
                3.75766
            ]
        ],
        "y_std": [
            [
                0.38033067191590003,
                1.0593952457259126,
                6.260271119879714,
                7.907062664630906,
                7.71825635967088,
                7.370419858385878,
                0.05903524371085462,
                0.054503044639726335,
                0.010911920087683926,
                6.571173829872407
            ]
        ],
        "y_true": [
            [
                0.5285810055744485,
                0.8180823113279191,
                1.2410294450666273,
                0.8186427541137253,
                0.7587016027194562,
                0.6200823900697129,
                0.6924031458051964,
                1.4272230235182448,
                0.5035938261135736,
                0.8043209984948324
            ]
        ],
        "llm_query_cost": [
            0.0013999999999999996
        ],
        "llm_query_time": [
            16.64145040512085
        ]
    },
    "LLAMBO_VANILLA": {
        "rmse": [
            12.48092156703577
        ],
        "r2": [
            -1678.4498296367215
        ],
        "nll": [
            NaN
        ],
        "mace": [
            0.49
        ],
        "sharpness": [
            1e-05
        ],
        "observed_coverage": [
            0.0
        ],
        "regret": [
            0.0015221212443160294
        ],
        "y_pred": [
            [
                10.69125,
                1.05,
                8.26,
                16.9,
                8.12,
                16.9,
                10.69125,
                16.9,
                0.5,
                16.9
            ]
        ],
        "y_std": [
            [
                1e-05,
                1e-05,
                1e-05,
                1e-05,
                1e-05,
                1e-05,
                1e-05,
                1e-05,
                1e-05,
                1e-05
            ]
        ],
        "y_true": [
            [
                0.5285810055744485,
                0.8180823113279191,
                1.2410294450666273,
                0.8186427541137253,
                0.7587016027194562,
                0.6200823900697129,
                0.6924031458051964,
                1.4272230235182448,
                0.5035938261135736,
                0.8043209984948324
            ]
        ],
        "llm_query_cost": [
            0.00028
        ],
        "llm_query_time": [
            3.0828771591186523
        ]
    }
}