{
    "GP": {
        "rmse": [
            1.1255587713189061
        ],
        "r2": [
            -9.682913263662382
        ],
        "nll": [
            -0.8162477937056056
        ],
        "mace": [
            0.05284848484848484
        ],
        "sharpness": [
            0.2393905557290543
        ],
        "observed_coverage": [
            0.8
        ],
        "regret": [
            0.15236898947573765
        ],
        "y_pred": [
            [
                0.004307316671630168,
                0.7028850750354234,
                0.6039686903839505,
                0.7221547310208916,
                0.349234982923329,
                0.6425198805041132,
                0.6992307992170694,
                0.49384118809532596,
                0.6864537930411636,
                0.6669554640875752
            ]
        ],
        "y_std": [
            [
                0.45546093260422665,
                0.08225916482962244,
                1e-05,
                0.031701438903463046,
                0.38838541360678913,
                0.05978493397017937,
                0.2657440256442595,
                0.35516157442855834,
                0.0792915955137098,
                0.01994775674834795
            ]
        ],
        "y_true": [
            [
                0.6017288196226791,
                0.6291159766141863,
                0.6039686903839503,
                0.7508540265948078,
                0.5721587305670793,
                0.6064571377743193,
                0.5789808847464856,
                0.6255218723073831,
                0.6949769991928249,
                0.7616747765816018
            ]
        ]
    },
    "SMAC": {
        "rmse": [
            0.3558018747316306
        ],
        "r2": [
            -0.06750474224192926
        ],
        "nll": [
            -0.31050349599407123
        ],
        "mace": [
            0.298
        ],
        "sharpness": [
            0.03655800355136126
        ],
        "observed_coverage": [
            0.3
        ],
        "regret": [
            0.15236898947573765
        ],
        "y_pred": [
            [
                0.6366975676354448,
                0.690826791029108,
                0.6366975676354448,
                0.690826791029108,
                0.6366975676354448,
                0.690826791029108,
                0.690826791029108,
                0.6366975676354448,
                0.6366975676354448,
                0.6697596554888141
            ]
        ],
        "y_std": [
            [
                0.041014459506170546,
                0.03029185491260226,
                0.041014459506170546,
                0.03029185491260226,
                0.041014459506170546,
                0.03029185491260226,
                0.03029185491260226,
                0.041014459506170546,
                0.041014459506170546,
                0.03582681813268272
            ]
        ],
        "y_true": [
            [
                0.6017288196226791,
                0.6291159766141863,
                0.6039686903839503,
                0.7508540265948078,
                0.5721587305670793,
                0.6064571377743193,
                0.5789808847464856,
                0.6255218723073831,
                0.6949769991928249,
                0.7616747765816018
            ]
        ]
    },
    "LLAMBO": {
        "rmse": [
            0.3957682099023785
        ],
        "r2": [
            -0.3207942268209778
        ],
        "nll": [
            -0.6890805232397266
        ],
        "mace": [
            0.19251515151515158
        ],
        "sharpness": [
            0.032763012103651276
        ],
        "observed_coverage": [
            0.5
        ],
        "regret": [
            0.15236898947573765
        ],
        "y_pred": [
            [
                0.6439864800000001,
                0.65263038,
                0.603969,
                0.67750126,
                0.70698412,
                0.69154134,
                0.6936068400000001,
                0.6188877,
                0.66903604,
                0.66542452
            ]
        ],
        "y_std": [
            [
                0.04609418915795787,
                0.030481949291926852,
                1e-05,
                0.03964216517941975,
                0.037005199673364825,
                0.022210420775491853,
                0.03574009152442674,
                0.026540379972600243,
                0.03411262725265235,
                0.033177099194016346
            ]
        ],
        "y_true": [
            [
                0.6017288196226791,
                0.6291159766141863,
                0.6039686903839503,
                0.7508540265948078,
                0.5721587305670793,
                0.6064571377743193,
                0.5789808847464856,
                0.6255218723073831,
                0.6949769991928249,
                0.7616747765816018
            ]
        ],
        "llm_query_cost": [
            0.066175
        ],
        "llm_query_time": [
            60.027907371520996
        ]
    },
    "LLAMBO_VANILLA": {
        "rmse": [
            0.3937911414860183
        ],
        "r2": [
            -0.30763107686716484
        ],
        "nll": [
            1.517165238200271
        ],
        "mace": [
            0.2217272727272728
        ],
        "sharpness": [
            0.02801249033436692
        ],
        "observed_coverage": [
            0.3
        ],
        "regret": [
            0.27497002010823746
        ],
        "y_pred": [
            [
                0.6514756,
                0.6265596,
                0.603969,
                0.6960961,
                0.7139780000000001,
                0.7053572000000001,
                0.6704566,
                0.6053362000000002,
                0.694103,
                0.6542209999999999
            ]
        ],
        "y_std": [
            [
                0.03378117883437461,
                0.0226816243915642,
                1e-05,
                0.03584040021665495,
                0.041457168863780376,
                0.012640944425160653,
                0.033375033939158784,
                0.017426702096495487,
                0.028001186299869495,
                0.028752357023381574
            ]
        ],
        "y_true": [
            [
                0.6017288196226791,
                0.6291159766141863,
                0.6039686903839503,
                0.7508540265948078,
                0.5721587305670793,
                0.6064571377743193,
                0.5789808847464856,
                0.6255218723073831,
                0.6949769991928249,
                0.7616747765816018
            ]
        ],
        "llm_query_cost": [
            0.013235
        ],
        "llm_query_time": [
            2.123816967010498
        ]
    }
}