{
    "GP": {
        "rmse": [
            1.332156329061297
        ],
        "r2": [
            -13.964552484035268
        ],
        "nll": [
            0.25031525210957034
        ],
        "mace": [
            0.07473737373737378
        ],
        "sharpness": [
            0.26263790336022586
        ],
        "observed_coverage": [
            0.6
        ],
        "regret": [
            0.12798868197279492
        ],
        "y_pred": [
            [
                0.0015742672214694449,
                0.6292412175418862,
                0.6039686903839511,
                0.686293877360824,
                0.21507593882768417,
                0.620682150767669,
                0.4357468802780424,
                0.29329893827987985,
                0.5920144377572143,
                0.699768156728199
            ]
        ],
        "y_std": [
            [
                0.4747087232519194,
                0.01816750021857503,
                1e-05,
                0.015259150534106461,
                0.44907768910001905,
                0.048587091560646986,
                0.2644448216498346,
                0.4264150103711485,
                0.08921413098379698,
                0.011133229347396889
            ]
        ],
        "y_true": [
            [
                0.6017288196226791,
                0.6291159766141863,
                0.6039686903839503,
                0.7508540265948078,
                0.5721587305670793,
                0.6064571377743193,
                0.5789808847464856,
                0.6255218723073831,
                0.6949769991928249,
                0.7616747765816018
            ]
        ]
    },
    "SMAC": {
        "rmse": [
            0.2859347176083749
        ],
        "r2": [
            0.31057484047865025
        ],
        "nll": [
            -0.6065166752184789
        ],
        "mace": [
            0.17300000000000001
        ],
        "sharpness": [
            0.037303880288559674
        ],
        "observed_coverage": [
            0.3
        ],
        "regret": [
            0.5315962455856393
        ],
        "y_pred": [
            [
                0.605669620504747,
                0.6529821638243525,
                0.6186973659235746,
                0.6939438181668282,
                0.6116305596177715,
                0.6813483670047205,
                0.6584509871014187,
                0.6086578986329517,
                0.6286760361680571,
                0.6770494138951484
            ]
        ],
        "y_std": [
            [
                0.013483772907544156,
                0.022150330670415826,
                0.04001474151805714,
                0.043043913893535915,
                0.03408495708118075,
                0.02249557081540679,
                0.01844204173123289,
                0.04417483551590428,
                0.060469341349040105,
                0.04662066342698788
            ]
        ],
        "y_true": [
            [
                0.6017288196226791,
                0.6291159766141863,
                0.6039686903839503,
                0.7508540265948078,
                0.5721587305670793,
                0.6064571377743193,
                0.5789808847464856,
                0.6255218723073831,
                0.6949769991928249,
                0.7616747765816018
            ]
        ]
    },
    "LLAMBO": {
        "rmse": [
            0.3761446885747518
        ],
        "r2": [
            -0.19306255735562927
        ],
        "nll": [
            -2.0001658572654053
        ],
        "mace": [
            0.19621212121212125
        ],
        "sharpness": [
            0.04167062053919764
        ],
        "observed_coverage": [
            0.3
        ],
        "regret": [
            0.12798868197279492
        ],
        "y_pred": [
            [
                0.65368274,
                0.6536823799999999,
                0.603969,
                0.6945935400000001,
                0.7073845400000001,
                0.6872650400000001,
                0.6908342600000001,
                0.63420724,
                0.6643516000000002,
                0.6841651999999999
            ]
        ],
        "y_std": [
            [
                0.04881632800521153,
                0.03158343989997924,
                1e-05,
                0.038087060160747505,
                0.06238839117695215,
                0.03909361325943665,
                0.04985268087066533,
                0.04034349250700043,
                0.025436146510821957,
                0.04850492423867911
            ]
        ],
        "y_true": [
            [
                0.6017288196226791,
                0.6291159766141863,
                0.6039686903839503,
                0.7508540265948078,
                0.5721587305670793,
                0.6064571377743193,
                0.5789808847464856,
                0.6255218723073831,
                0.6949769991928249,
                0.7616747765816018
            ]
        ],
        "llm_query_cost": [
            0.11417499999999998
        ],
        "llm_query_time": [
            62.24099540710449
        ]
    },
    "LLAMBO_VANILLA": {
        "rmse": [
            0.4006864691718159
        ],
        "r2": [
            -0.3538255397243726
        ],
        "nll": [
            -1.1776148297995568
        ],
        "mace": [
            0.2245151515151516
        ],
        "sharpness": [
            0.03786110310293402
        ],
        "observed_coverage": [
            0.4
        ],
        "regret": [
            0.24652894472730363
        ],
        "y_pred": [
            [
                0.6889449,
                0.6502458000000001,
                0.603969,
                0.7136156,
                0.7035235,
                0.691613,
                0.6916977,
                0.6391525999999998,
                0.6543962000000001,
                0.6658738000000001
            ]
        ],
        "y_std": [
            [
                0.03741488089637597,
                0.046440827830261586,
                1e-05,
                0.04233000153130165,
                0.0552257374006903,
                0.03387208256957342,
                0.05233296606356267,
                0.03105478127503076,
                0.01979911597925523,
                0.026340738986596408
            ]
        ],
        "y_true": [
            [
                0.6017288196226791,
                0.6291159766141863,
                0.6039686903839503,
                0.7508540265948078,
                0.5721587305670793,
                0.6064571377743193,
                0.5789808847464856,
                0.6255218723073831,
                0.6949769991928249,
                0.7616747765816018
            ]
        ],
        "llm_query_cost": [
            0.022835000000000005
        ],
        "llm_query_time": [
            59.85028600692749
        ]
    }
}