{
    "GP": {
        "rmse": [
            1.3395280135923624
        ],
        "r2": [
            -14.13062785668244
        ],
        "nll": [
            -1.402116378612659
        ],
        "mace": [
            0.14612121212121218
        ],
        "sharpness": [
            0.24456418478914344
        ],
        "observed_coverage": [
            0.5
        ],
        "regret": [
            0.12798868197279492
        ],
        "y_pred": [
            [
                3.424935263777692e-05,
                0.6291159766141847,
                0.6039686903839503,
                0.7052894963819165,
                0.21140180760965613,
                0.6952306936007151,
                0.5197212006041123,
                0.27904240155618976,
                0.5748079399658801,
                0.695945808673482
            ]
        ],
        "y_std": [
            [
                0.4204789174305114,
                1e-05,
                1e-05,
                0.024318450947210465,
                0.40487653614147184,
                0.043905443974747084,
                0.2882736181303757,
                0.4021083476775371,
                0.0993836719195947,
                0.014138019701556967
            ]
        ],
        "y_true": [
            [
                0.6017288196226791,
                0.6291159766141863,
                0.6039686903839503,
                0.7508540265948078,
                0.5721587305670793,
                0.6064571377743193,
                0.5789808847464856,
                0.6255218723073831,
                0.6949769991928249,
                0.7616747765816018
            ]
        ]
    },
    "SMAC": {
        "rmse": [
            0.326128616675799
        ],
        "r2": [
            0.10312655477509036
        ],
        "nll": [
            -0.787671008893368
        ],
        "mace": [
            0.242
        ],
        "sharpness": [
            0.03386592420234463
        ],
        "observed_coverage": [
            0.3
        ],
        "regret": [
            0.5315962455856393
        ],
        "y_pred": [
            [
                0.6081048207235011,
                0.6544835303562857,
                0.6108228645552106,
                0.6929766680603178,
                0.6004002583346757,
                0.6519979065344319,
                0.6497785038370003,
                0.582713580680233,
                0.606456797711187,
                0.6329603385002778
            ]
        ],
        "y_std": [
            [
                0.013514000399364541,
                0.03676874050836636,
                0.012738900273694101,
                0.039612773547206104,
                0.02816400771149036,
                0.03527912865007113,
                0.01629181482490329,
                0.022289381974062522,
                0.054282267302350536,
                0.049561635928396894
            ]
        ],
        "y_true": [
            [
                0.6017288196226791,
                0.6291159766141863,
                0.6039686903839503,
                0.7508540265948078,
                0.5721587305670793,
                0.6064571377743193,
                0.5789808847464856,
                0.6255218723073831,
                0.6949769991928249,
                0.7616747765816018
            ]
        ]
    },
    "LLAMBO": {
        "rmse": [
            0.34468238617419117
        ],
        "r2": [
            -0.0018242282508518226
        ],
        "nll": [
            -2.335210836021497
        ],
        "mace": [
            0.10831313131313136
        ],
        "sharpness": [
            0.049659784166731565
        ],
        "observed_coverage": [
            0.5
        ],
        "regret": [
            0.12798868197279492
        ],
        "y_pred": [
            [
                0.5887756122448979,
                0.6298559999999999,
                0.603969,
                0.69008216,
                0.66570284,
                0.6530121,
                0.7039686999999998,
                0.60314596,
                0.6484309399999999,
                0.66368422
            ]
        ],
        "y_std": [
            [
                0.055565568635517655,
                0.003625244819319096,
                1e-05,
                0.08100322548870756,
                0.05393325618738777,
                0.0183237740722265,
                0.07398901344368637,
                0.03955394810228683,
                0.03286364247700489,
                0.06029327856877249
            ]
        ],
        "y_true": [
            [
                0.6017288196226791,
                0.6291159766141863,
                0.6039686903839503,
                0.7508540265948078,
                0.5721587305670793,
                0.6064571377743193,
                0.5789808847464856,
                0.6255218723073831,
                0.6949769991928249,
                0.7616747765816018
            ]
        ],
        "llm_query_cost": [
            0.16217699999999996
        ],
        "llm_query_time": [
            120.08239436149597
        ]
    },
    "LLAMBO_VANILLA": {
        "rmse": [
            0.5354254887697814
        ],
        "r2": [
            -1.417416224027034
        ],
        "nll": [
            5.886034466835202
        ],
        "mace": [
            0.15512121212121216
        ],
        "sharpness": [
            0.030713635840176924
        ],
        "observed_coverage": [
            0.5
        ],
        "regret": [
            0.12798868197279492
        ],
        "y_pred": [
            [
                0.5572346,
                0.629116,
                0.603969,
                0.5429575,
                0.6353697,
                0.6543936,
                0.5873918000000001,
                0.6030168,
                0.6593857,
                0.5389038
            ]
        ],
        "y_std": [
            [
                0.048199696810664695,
                1e-05,
                1e-05,
                0.023299499999999997,
                0.04596757301413683,
                0.004762200000000016,
                0.051716870274215176,
                0.030521805103237275,
                0.026480578966669138,
                0.011138400000000014
            ]
        ],
        "y_true": [
            [
                0.6017288196226791,
                0.6291159766141863,
                0.6039686903839503,
                0.7508540265948078,
                0.5721587305670793,
                0.6064571377743193,
                0.5789808847464856,
                0.6255218723073831,
                0.6949769991928249,
                0.7616747765816018
            ]
        ],
        "llm_query_cost": [
            0.032435
        ],
        "llm_query_time": [
            59.87709975242615
        ]
    }
}