{
    "GP": {
        "rmse": [
            0.9070626024534653
        ],
        "r2": [
            -5.937897386011713
        ],
        "nll": [
            8.443105889806404
        ],
        "mace": [
            0.28900000000000003
        ],
        "sharpness": [
            0.09568814757609777
        ],
        "observed_coverage": [
            0.3
        ],
        "regret": [
            0.15602947442948362
        ],
        "y_pred": [
            [
                0.09386228992292309,
                0.7115424184291623,
                0.5377409580339954,
                0.7287417128316317,
                0.6403969019138136,
                0.7010946883623959,
                0.6794659809092917,
                0.639557634884175,
                0.7319967736011335,
                0.736553078783719
            ]
        ],
        "y_std": [
            [
                0.23256723643579272,
                0.018022388843712038,
                0.09222199205854928,
                0.005344416799967446,
                0.12084546994114374,
                0.007567463526315061,
                0.05183276314585879,
                0.10420530132924329,
                0.018801306158990363,
                0.007527809043853216
            ]
        ],
        "y_true": [
            [
                0.6017288196226791,
                0.6291159766141863,
                0.6039686903839503,
                0.7508540265948078,
                0.5721587305670793,
                0.6064571377743193,
                0.5789808847464856,
                0.6255218723073831,
                0.6949769991928249,
                0.7616747765816018
            ]
        ]
    },
    "SMAC": {
        "rmse": [
            0.34529778920386683
        ],
        "r2": [
            -0.005404777004307082
        ],
        "nll": [
            -0.46887120641474594
        ],
        "mace": [
            0.31500000000000006
        ],
        "sharpness": [
            0.03237773463737623
        ],
        "observed_coverage": [
            0.2
        ],
        "regret": [
            0.15602947442948362
        ],
        "y_pred": [
            [
                0.6473417688884107,
                0.6473417688884107,
                0.6473417688884107,
                0.6473417688884107,
                0.6473417688884107,
                0.6473417688884107,
                0.6473417688884107,
                0.6473417688884107,
                0.6473417688884107,
                0.6473417688884107
            ]
        ],
        "y_std": [
            [
                0.03237773463737623,
                0.03237773463737623,
                0.03237773463737623,
                0.03237773463737623,
                0.03237773463737623,
                0.03237773463737623,
                0.03237773463737623,
                0.03237773463737623,
                0.03237773463737623,
                0.03237773463737623
            ]
        ],
        "y_true": [
            [
                0.6017288196226791,
                0.6291159766141863,
                0.6039686903839503,
                0.7508540265948078,
                0.5721587305670793,
                0.6064571377743193,
                0.5789808847464856,
                0.6255218723073831,
                0.6949769991928249,
                0.7616747765816018
            ]
        ]
    },
    "LLAMBO": {
        "rmse": [
            0.39870772110322766
        ],
        "r2": [
            -0.34048710583900976
        ],
        "nll": [
            -1.0316352313312174
        ],
        "mace": [
            0.27621212121212124
        ],
        "sharpness": [
            0.04414078254823628
        ],
        "observed_coverage": [
            0.3
        ],
        "regret": [
            0.6480626374841847
        ],
        "y_pred": [
            [
                0.6712316000000002,
                0.6606289599999999,
                0.63207252,
                0.70019064,
                0.72765692,
                0.6823724599999998,
                0.67024904,
                0.6195835599999999,
                0.6298617799999999,
                0.6884139000000001
            ]
        ],
        "y_std": [
            [
                0.04046239197477084,
                0.04840522999509867,
                0.029154574612050167,
                0.02686914170848038,
                0.0734357199708262,
                0.035982995389605914,
                0.04382074460250989,
                0.02620946768872653,
                0.04638134546530103,
                0.04985851383154135
            ]
        ],
        "y_true": [
            [
                0.6017288196226791,
                0.6291159766141863,
                0.6039686903839503,
                0.7508540265948078,
                0.5721587305670793,
                0.6064571377743193,
                0.5789808847464856,
                0.6255218723073831,
                0.6949769991928249,
                0.7616747765816018
            ]
        ],
        "llm_query_cost": [
            0.042175
        ],
        "llm_query_time": [
            4.725123167037964
        ]
    },
    "LLAMBO_VANILLA": {
        "rmse": [
            0.41669714318763723
        ],
        "r2": [
            -0.4641797457338077
        ],
        "nll": [
            5.606362826653273
        ],
        "mace": [
            0.44199999999999995
        ],
        "sharpness": [
            0.022896129819666027
        ],
        "observed_coverage": [
            0.0
        ],
        "regret": [
            0.6480626374841847
        ],
        "y_pred": [
            [
                0.6750052999999999,
                0.6502600000000001,
                0.6303554,
                0.7076846999999999,
                0.7296899,
                0.6870619,
                0.6874424,
                0.6000041,
                0.6141927,
                0.7005752999999999
            ]
        ],
        "y_std": [
            [
                0.0354084448233751,
                0.013367145057939619,
                0.022725815229381763,
                0.010843659650228776,
                0.027832617524947232,
                0.014654846750819326,
                0.012793066967697768,
                0.013698720877877612,
                0.032190184112707416,
                0.028264763257632292
            ]
        ],
        "y_true": [
            [
                0.6017288196226791,
                0.6291159766141863,
                0.6039686903839503,
                0.7508540265948078,
                0.5721587305670793,
                0.6064571377743193,
                0.5789808847464856,
                0.6255218723073831,
                0.6949769991928249,
                0.7616747765816018
            ]
        ],
        "llm_query_cost": [
            0.008435000000000003
        ],
        "llm_query_time": [
            3.670362710952759
        ]
    }
}