{"llm_query_cost_breakdown": [0, 0.0007140000000000001, 0.000721, 0.000721, 0.0007175, 0.0007769999999999999, 0.000721, 0.0007175, 0.000721, 0.000721, 0.0007769999999999999], "llm_query_time_breakdown": [0.23531270027160645, 8.680445432662964, 8.809319972991943, 8.65299105644226, 10.405782461166382, 13.940634727478027, 11.797981262207031, 11.330007791519165, 16.554100036621094, 16.153829097747803, 17.0607852935791], "llm_query_cost": 0.007308000000000001, "llm_query_time": 123.62118983268738}