{"llm_query_cost_breakdown": [0, 0.0008190000000000001, 0.0007070000000000001, 0.0007070000000000001, 0.0007070000000000001, 0.0007105000000000001, 0.0007000000000000001, 0.0007980000000000001, 0.0007070000000000001, 0.0007070000000000001, 0.0007140000000000001], "llm_query_time_breakdown": [0.0411534309387207, 10.01944613456726, 8.832958221435547, 8.506355285644531, 10.838000535964966, 9.43806767463684, 8.990081071853638, 12.027442932128906, 10.972720384597778, 12.345232009887695, 14.543660402297974], "llm_query_cost": 0.007276500000000001, "llm_query_time": 106.55511808395386}