{"llm_query_cost_breakdown": [0, 0.018680000000000002, 0.020627000000000006, 0.020620000000000003, 0.023504, 0.022812999999999996, 0.0218, 0.036993, 0.030515999999999995, 0.019812, 0.027431999999999998, 0.022019999999999998, 0.030332, 0.028001, 0.04608899999999999, 0.035362000000000005, 0.03233799999999999, 0.03825799999999999, 0.039746000000000004, 0.03111, 0.037389], "llm_query_time_breakdown": [2.424377202987671, 3.1885690689086914, 3.037907361984253, 2.994004964828491, 15.416899681091309, 34.07954525947571, 2.8296611309051514, 4.815162897109985, 51.69676637649536, 2.1799139976501465, 3.843719720840454, 50.9792914390564, 3.287696361541748, 3.274301528930664, 52.15825533866882, 4.734140157699585, 54.24470901489258, 4.917763710021973, 54.35042715072632, 2.662648916244507, 56.45746088027954], "llm_query_cost": 0.5834419999999999, "llm_query_time": 413.57322216033936}