{
    "GP": {
        "rmse": [
            0.31622776601683794
        ],
        "r2": [
            -0.11111111111112604
        ],
        "nll": [
            6.6754344691275564
        ],
        "mace": [
            0.3306161616161617
        ],
        "sharpness": [
            316.22776601683796
        ],
        "observed_coverage": [
            0.8
        ],
        "regret": [
            2.3569737684170903e-36
        ],
        "y_pred": [
            [
                0.0,
                0.0,
                0.0,
                0.0,
                0.0,
                0.0,
                0.0,
                0.0,
                0.0,
                0.0
            ]
        ],
        "y_std": [
            [
                316.22776601683796,
                316.22776601683796,
                316.22776601683796,
                316.22776601683796,
                316.22776601683796,
                316.22776601683796,
                316.22776601683796,
                316.22776601683796,
                316.22776601683796,
                316.22776601683796
            ]
        ],
        "y_true": [
            [
                1.2081301177449881,
                2.628690971984977e+35,
                5.306291409851612,
                2.6366556898309335,
                0.5885545511206466,
                1.3691856284577777,
                2.537061758723544,
                1.3675000003305418,
                1.5661737850381995e+22,
                2.4554909757618755
            ]
        ]
    },
    "SMAC": {
        "rmse": [
            0.3148083954839951
        ],
        "r2": [
            -0.10115917630231985
        ],
        "nll": [
            78.98071593503093
        ],
        "mace": [
            0.18012121212121215
        ],
        "sharpness": [
            4.5887732367660654e+33
        ],
        "observed_coverage": [
            0.4
        ],
        "regret": [
            7.791334776653966e-36
        ],
        "y_pred": [
            [
                7.027634813025245e+33,
                1.6217618799289025e+33,
                5.780125674618397e+33,
                2.2455164491323268e+33,
                3.493025587539174e+33,
                3.4930255875391747e+33,
                5.780125674618397e+33,
                7.027634813025245e+33,
                1.6217618799289025e+33,
                5.780125674618397e+33
            ]
        ],
        "y_std": [
            [
                4.859140965902071e+33,
                2.883998426657251e+33,
                4.906360223745021e+33,
                4.313488222669354e+33,
                5.28619475138391e+33,
                5.28619475138391e+33,
                4.906360223745021e+33,
                4.859140965902071e+33,
                2.883998426657251e+33,
                4.906360223745021e+33
            ]
        ],
        "y_true": [
            [
                1.2081301177449881,
                2.628690971984977e+35,
                5.306291409851612,
                2.6366556898309335,
                0.5885545511206466,
                1.3691856284577777,
                2.537061758723544,
                1.3675000003305418,
                1.5661737850381995e+22,
                2.4554909757618755
            ]
        ]
    },
    "LLAMBO": {
        "rmse": [
            0.31622776601683794
        ],
        "r2": [
            -0.11111111111112604
        ],
        "nll": [
            2.269130711910287
        ],
        "mace": [
            0.2231212121212122
        ],
        "sharpness": [
            1.3320285992603385
        ],
        "observed_coverage": [
            0.4
        ],
        "regret": [
            2.3569737684170903e-36
        ],
        "y_pred": [
            [
                1.33623482,
                1.0786540599999999,
                0.55937812,
                0.77087336,
                0.9915199767441859,
                0.95298918,
                0.6780056,
                0.98500064,
                2.13002476,
                0.8777844
            ]
        ],
        "y_std": [
            [
                3.2569988369423326,
                0.6566406645049759,
                0.3350153915644259,
                0.531311075986404,
                0.6785115813205518,
                0.49320717569794914,
                1.5056062057431017,
                0.7496222975079586,
                1.5198689472310245,
                0.6832570509713017
            ]
        ],
        "y_true": [
            [
                1.2081301177449881,
                2.628690971984977e+35,
                5.306291409851612,
                2.6366556898309335,
                0.5885545511206466,
                1.3691856284577777,
                2.537061758723544,
                1.3675000003305418,
                1.5661737850381995e+22,
                2.4554909757618755
            ]
        ],
        "llm_query_cost": [
            0.06335500000000001
        ],
        "llm_query_time": [
            4.506858825683594
        ]
    },
    "LLAMBO_VANILLA": {
        "rmse": [
            0.31622776601683794
        ],
        "r2": [
            -0.11111111111112604
        ],
        "nll": [
            4.494783115032151
        ],
        "mace": [
            0.13914141414141415
        ],
        "sharpness": [
            1.3435046933143893
        ],
        "observed_coverage": [
            0.5
        ],
        "regret": [
            7.412462051906926e-36
        ],
        "y_pred": [
            [
                1.1031062,
                0.8380180000000002,
                0.26966330000000005,
                0.7514059000000001,
                0.9933394,
                1.2405981,
                1.1383866,
                0.9575996,
                1.7908495000000002,
                0.7407459999999999
            ]
        ],
        "y_std": [
            [
                2.2559570753161857,
                0.5125241489853918,
                0.34291704565799874,
                0.6353424167493383,
                0.8533925490396784,
                0.9265560751835207,
                2.6370286070625473,
                1.125421806538082,
                1.5157269139967957,
                0.26845110497816915
            ]
        ],
        "y_true": [
            [
                1.2081301177449881,
                2.628690971984977e+35,
                5.306291409851612,
                2.6366556898309335,
                0.5885545511206466,
                1.3691856284577777,
                2.537061758723544,
                1.3675000003305418,
                1.5661737850381995e+22,
                2.4554909757618755
            ]
        ],
        "llm_query_cost": [
            0.012663000000000002
        ],
        "llm_query_time": [
            57.45457172393799
        ]
    }
}