{
    "GP": {
        "rmse": [
            0.31622776601683794
        ],
        "r2": [
            -0.11111111111112604
        ],
        "nll": [
            6.6754344691275564
        ],
        "mace": [
            0.3306161616161617
        ],
        "sharpness": [
            316.22776601683796
        ],
        "observed_coverage": [
            0.8
        ],
        "regret": [
            2.3569737684170903e-36
        ],
        "y_pred": [
            [
                0.0,
                0.0,
                0.0,
                0.0,
                0.0,
                0.0,
                0.0,
                0.0,
                0.0,
                0.0
            ]
        ],
        "y_std": [
            [
                316.22776601683796,
                316.22776601683796,
                316.22776601683796,
                316.22776601683796,
                316.22776601683796,
                316.22776601683796,
                316.22776601683796,
                316.22776601683796,
                316.22776601683796,
                316.22776601683796
            ]
        ],
        "y_true": [
            [
                1.2081301177449881,
                2.628690971984977e+35,
                5.306291409851612,
                2.6366556898309335,
                0.5885545511206466,
                1.3691856284577777,
                2.537061758723544,
                1.3675000003305418,
                1.5661737850381995e+22,
                2.4554909757618755
            ]
        ]
    },
    "SMAC": {
        "rmse": [
            0.3097789461485015
        ],
        "r2": [
            -0.06625550529863866
        ],
        "nll": [
            79.43160370446564
        ],
        "mace": [
            0.3826666666666667
        ],
        "sharpness": [
            3.9361939162457457e+33
        ],
        "observed_coverage": [
            0.0
        ],
        "regret": [
            2.3569737684170903e-36
        ],
        "y_pred": [
            [
                5.98804386435287e+33,
                5.98804386435287e+33,
                5.98804386435287e+33,
                5.98804386435287e+33,
                5.98804386435287e+33,
                5.98804386435287e+33,
                5.98804386435287e+33,
                5.98804386435287e+33,
                5.98804386435287e+33,
                5.98804386435287e+33
            ]
        ],
        "y_std": [
            [
                3.936193916245746e+33,
                3.936193916245746e+33,
                3.936193916245746e+33,
                3.936193916245746e+33,
                3.936193916245746e+33,
                3.936193916245746e+33,
                3.936193916245746e+33,
                3.936193916245746e+33,
                3.936193916245746e+33,
                3.936193916245746e+33
            ]
        ],
        "y_true": [
            [
                1.2081301177449881,
                2.628690971984977e+35,
                5.306291409851612,
                2.6366556898309335,
                0.5885545511206466,
                1.3691856284577777,
                2.537061758723544,
                1.3675000003305418,
                1.5661737850381995e+22,
                2.4554909757618755
            ]
        ]
    },
    "LLAMBO": {
        "rmse": [
            0.31622776601683794
        ],
        "r2": [
            -0.11111111111112604
        ],
        "nll": [
            6.633801813903934
        ],
        "mace": [
            0.14473737373737372
        ],
        "sharpness": [
            14739296.614406794
        ],
        "observed_coverage": [
            0.7
        ],
        "regret": [
            7.412462051906926e-36
        ],
        "y_pred": [
            [
                9993.45439404,
                1.7419611599999998,
                19.76665571428571,
                1.62059326,
                32.512702953488365,
                2.5426116399999996,
                6662677.499149919,
                2.4876712708333333,
                5015.8471786,
                14.867223300000003
            ]
        ],
        "y_std": [
            [
                69911.94199931125,
                1.246036700706835,
                100.62441115511277,
                0.8215240681357256,
                198.9697662993177,
                3.2376784592578107,
                46609682.97351873,
                1.8350751337406772,
                34817.34377586335,
                76.95659045728092
            ]
        ],
        "y_true": [
            [
                1.2081301177449881,
                2.628690971984977e+35,
                5.306291409851612,
                2.6366556898309335,
                0.5885545511206466,
                1.3691856284577777,
                2.537061758723544,
                1.3675000003305418,
                1.5661737850381995e+22,
                2.4554909757618755
            ]
        ],
        "llm_query_cost": [
            0.04112300000000001
        ],
        "llm_query_time": [
            4.164835691452026
        ]
    },
    "LLAMBO_VANILLA": {
        "rmse": [
            0.31622776601683794
        ],
        "r2": [
            -0.11111111111112604
        ],
        "nll": [
            6.196387386288672
        ],
        "mace": [
            0.12477777777777779
        ],
        "sharpness": [
            17505228.949609905
        ],
        "observed_coverage": [
            0.6
        ],
        "regret": [
            5.95799887369625e-14
        ],
        "y_pred": [
            [
                1.8128365000000002,
                82.0224991,
                14.978387399999999,
                1.4740758999999999,
                2.2170414999999997,
                1.3501545,
                12440735.450659499,
                282569.1731452,
                13625249.2766435,
                32.9768528
            ]
        ],
        "y_std": [
            [
                2.4405902798589216,
                234.3053497810501,
                37.01794790537572,
                0.5109016795866794,
                1.157745952227625,
                0.3533577498947065,
                37322198.637780234,
                784379.1966856827,
                40875036.9276526,
                85.13875216504285
            ]
        ],
        "y_true": [
            [
                1.2081301177449881,
                2.628690971984977e+35,
                5.306291409851612,
                2.6366556898309335,
                0.5885545511206466,
                1.3691856284577777,
                2.537061758723544,
                1.3675000003305418,
                1.5661737850381995e+22,
                2.4554909757618755
            ]
        ],
        "llm_query_cost": [
            0.008211
        ],
        "llm_query_time": [
            1.2987513542175293
        ]
    }
}