{
    "GP": {
        "rmse": [
            0.3479270739102385
        ],
        "r2": [
            -0.3480200424368296
        ],
        "nll": [
            4.0829540224886145
        ],
        "mace": [
            0.41620202020202013
        ],
        "sharpness": [
            23.1894716561107
        ],
        "observed_coverage": [
            1.0
        ],
        "regret": [
            0.003134959988719086
        ],
        "y_pred": [
            [
                0.0,
                0.0,
                0.0,
                0.0,
                0.0,
                0.0,
                0.0,
                0.0,
                0.0,
                0.0
            ]
        ],
        "y_std": [
            [
                23.1894716561107,
                23.1894716561107,
                23.1894716561107,
                23.1894716561107,
                23.1894716561107,
                23.1894716561107,
                23.1894716561107,
                23.1894716561107,
                23.1894716561107,
                23.1894716561107
            ]
        ],
        "y_true": [
            [
                0.5963681244466884,
                0.6427604594567716,
                0.5191542693082367,
                0.41985689787638275,
                0.625755754382006,
                1.532456994957057,
                4.715229560131532,
                0.41987306030852145,
                0.42483818108236987,
                13.855198600631285
            ]
        ]
    },
    "SMAC": {
        "rmse": [
            0.6551406286397987
        ],
        "r2": [
            -3.7795715380471657
        ],
        "nll": [
            3.4609503643111665
        ],
        "mace": [
            0.13457575757575757
        ],
        "sharpness": [
            10.413419786661818
        ],
        "observed_coverage": [
            0.8
        ],
        "regret": [
            0.003134959988719086
        ],
        "y_pred": [
            [
                6.474140144999327,
                4.0827003230635714,
                4.0827003230635714,
                8.533320083563044,
                4.0827003230635714,
                16.8677658610623,
                21.293883246181323,
                6.474140144999327,
                8.533320083563044,
                18.90244342424557
            ]
        ],
        "y_std": [
            [
                8.898299333671837,
                6.358280451472442,
                6.358280451472442,
                9.933316255317727,
                6.358280451472442,
                15.359869316467433,
                12.87397793350825,
                8.898299333671837,
                9.933316255317727,
                14.343780068820267
            ]
        ],
        "y_true": [
            [
                0.5963681244466884,
                0.6427604594567716,
                0.5191542693082367,
                0.41985689787638275,
                0.625755754382006,
                1.532456994957057,
                4.715229560131532,
                0.41987306030852145,
                0.42483818108236987,
                13.855198600631285
            ]
        ]
    },
    "LLAMBO": {
        "rmse": [
            0.6157010633110848
        ],
        "r2": [
            -3.2214311191104485
        ],
        "nll": [
            3.0903246812902543
        ],
        "mace": [
            0.08741414141414142
        ],
        "sharpness": [
            8.310269705956602
        ],
        "observed_coverage": [
            0.8
        ],
        "regret": [
            0.23862084860720842
        ],
        "y_pred": [
            [
                1.43784,
                1.7233333333333334,
                0.5287,
                0.58,
                1.5739999999999998,
                1.9800000000000002,
                30.644233333333336,
                1.5270666666666664,
                0.5175,
                11.0737
            ]
        ],
        "y_std": [
            [
                1.3170179446006038,
                1.6452017775607004,
                0.018990655596898214,
                0.024494897427831747,
                2.008059760066916,
                1.4730241002780637,
                21.292069411924768,
                1.777470452325126,
                0.1154068888758379,
                14.947795698898215
            ]
        ],
        "y_true": [
            [
                0.5963681244466884,
                0.6427604594567716,
                0.5191542693082367,
                0.41985689787638275,
                0.625755754382006,
                1.532456994957057,
                4.715229560131532,
                0.41987306030852145,
                0.42483818108236987,
                13.855198600631285
            ]
        ],
        "llm_query_cost": [
            0.0013999999999999996
        ],
        "llm_query_time": [
            16.465413808822632
        ]
    },
    "LLAMBO_VANILLA": {
        "rmse": [
            0.32456687056035244
        ],
        "r2": [
            -0.173081744354032
        ],
        "nll": [
            NaN
        ],
        "mace": [
            0.49
        ],
        "sharpness": [
            1e-05
        ],
        "observed_coverage": [
            0.0
        ],
        "regret": [
            8.847099329983943e-05
        ],
        "y_pred": [
            [
                4.15,
                1.0657333333333334,
                0.5135,
                0.61,
                0.56,
                1.0657333333333334,
                1.0657333333333334,
                0.56,
                0.0009,
                1.0657333333333334
            ]
        ],
        "y_std": [
            [
                1e-05,
                1e-05,
                1e-05,
                1e-05,
                1e-05,
                1e-05,
                1e-05,
                1e-05,
                1e-05,
                1e-05
            ]
        ],
        "y_true": [
            [
                0.5963681244466884,
                0.6427604594567716,
                0.5191542693082367,
                0.41985689787638275,
                0.625755754382006,
                1.532456994957057,
                4.715229560131532,
                0.41987306030852145,
                0.42483818108236987,
                13.855198600631285
            ]
        ],
        "llm_query_cost": [
            0.00028
        ],
        "llm_query_time": [
            2.9842209815979004
        ]
    }
}