{
    "GP": {
        "rmse": [
            1.19244937036665
        ],
        "r2": [
            -14.83433384802073
        ],
        "nll": [
            11.951232171102543
        ],
        "mace": [
            0.24061616161616153
        ],
        "sharpness": [
            9.61522642273436
        ],
        "observed_coverage": [
            0.8
        ],
        "regret": [
            8.847099329983943e-05
        ],
        "y_pred": [
            [
                0.5758947581577445,
                0.6663119572673395,
                0.7264036558161706,
                -2.2226214934917152,
                1.0549588291659688,
                -4.611325944714224,
                53.20870914958283,
                -0.5448859580196768,
                -2.757423315807074,
                26.46793436080793
            ]
        ],
        "y_std": [
            [
                10.666050103773182,
                1.297832086936487,
                7.154940309213486,
                13.695394936735095,
                8.578580671275178,
                9.243973209071276,
                3.681564502764874,
                13.368699827809342,
                14.040144935542303,
                4.677069194712119
            ]
        ],
        "y_true": [
            [
                0.5963681244466884,
                0.6427604594567716,
                0.5191542693082367,
                0.41985689787638275,
                0.625755754382006,
                1.532456994957057,
                4.715229560131532,
                0.41987306030852145,
                0.42483818108236987,
                13.855198600631285
            ]
        ]
    },
    "SMAC": {
        "rmse": [
            0.798071822233407
        ],
        "r2": [
            -6.092573657288881
        ],
        "nll": [
            3.860748034624252
        ],
        "mace": [
            0.1723535353535354
        ],
        "sharpness": [
            11.87524219586694
        ],
        "observed_coverage": [
            0.9
        ],
        "regret": [
            0.003958919556990135
        ],
        "y_pred": [
            [
                9.55762864169098,
                7.3042197241706,
                9.225518211064374,
                11.201090132311688,
                9.225518211064374,
                11.546995864179332,
                23.389786755096328,
                12.296545335406465,
                11.201090132311688,
                21.12209231988158
            ]
        ],
        "y_std": [
            [
                11.657441502232894,
                11.726702013959345,
                11.882028247254986,
                12.893475764892214,
                11.882028247254986,
                12.760770243300065,
                9.121375920815677,
                12.502163510149764,
                12.893475764892214,
                10.936764427393564
            ]
        ],
        "y_true": [
            [
                0.5963681244466884,
                0.6427604594567716,
                0.5191542693082367,
                0.41985689787638275,
                0.625755754382006,
                1.532456994957057,
                4.715229560131532,
                0.41987306030852145,
                0.42483818108236987,
                13.855198600631285
            ]
        ]
    },
    "LLAMBO": {
        "rmse": [
            0.32794366774659217
        ],
        "r2": [
            -0.19761823273836043
        ],
        "nll": [
            9.732768779019516
        ],
        "mace": [
            0.23500000000000007
        ],
        "sharpness": [
            0.21087625683824024
        ],
        "observed_coverage": [
            0.4
        ],
        "regret": [
            2.8705583808874684e-07
        ],
        "y_pred": [
            [
                0.875,
                0.5381406249999999,
                0.48665,
                0.515325,
                0.4633,
                0.5381406249999999,
                0.78065,
                0.32195,
                0.33065,
                0.5316
            ]
        ],
        "y_std": [
            [
                0.44500000000000006,
                0.1577191172719315,
                0.02335000000000001,
                0.07259522625489916,
                1e-05,
                0.1577191172719315,
                0.34934999999999994,
                0.18019762068351514,
                0.19126009123703774,
                1e-05
            ]
        ],
        "y_true": [
            [
                0.5963681244466884,
                0.6427604594567716,
                0.5191542693082367,
                0.41985689787638275,
                0.625755754382006,
                1.532456994957057,
                4.715229560131532,
                0.41987306030852145,
                0.42483818108236987,
                13.855198600631285
            ]
        ],
        "llm_query_cost": [
            0.0013999999999999996
        ],
        "llm_query_time": [
            20.66278576850891
        ]
    },
    "LLAMBO_VANILLA": {
        "rmse": [
            0.3327870838898403
        ],
        "r2": [
            -0.23325482804504571
        ],
        "nll": [
            NaN
        ],
        "mace": [
            0.49
        ],
        "sharpness": [
            1e-05
        ],
        "observed_coverage": [
            0.0
        ],
        "regret": [
            0.0
        ],
        "y_pred": [
            [
                0.4305199999999999,
                0.4305199999999999,
                0.4313,
                0.43,
                0.4305199999999999,
                0.43,
                0.4313,
                0.43,
                0.4305199999999999,
                0.4305199999999999
            ]
        ],
        "y_std": [
            [
                1e-05,
                1e-05,
                1e-05,
                1e-05,
                1e-05,
                1e-05,
                1e-05,
                1e-05,
                1e-05,
                1e-05
            ]
        ],
        "y_true": [
            [
                0.5963681244466884,
                0.6427604594567716,
                0.5191542693082367,
                0.41985689787638275,
                0.625755754382006,
                1.532456994957057,
                4.715229560131532,
                0.41987306030852145,
                0.42483818108236987,
                13.855198600631285
            ]
        ],
        "llm_query_cost": [
            0.00028
        ],
        "llm_query_time": [
            3.534341812133789
        ]
    }
}