{
    "GP": {
        "rmse": [
            1.2355561891678397
        ],
        "r2": [
            -15.999842631691251
        ],
        "nll": [
            3.0094645853219055
        ],
        "mace": [
            0.22564646464646462
        ],
        "sharpness": [
            5.879080000658293
        ],
        "observed_coverage": [
            0.8
        ],
        "regret": [
            0.019759620439940354
        ],
        "y_pred": [
            [
                1.1174463593828108,
                0.7317173356074207,
                1.0799608161208027,
                1.877709218656614,
                1.1726377931927772,
                -2.0562769816049755,
                55.17740167643123,
                1.577274351612889,
                1.7941945710718148,
                27.64275862337991
            ]
        ],
        "y_std": [
            [
                5.885901784872832,
                1.1953181034687999,
                5.417566109875189,
                5.202652122345469,
                4.42996769801052,
                8.651764539306585,
                3.458365414406463,
                9.906218296241695,
                5.09896304613686,
                4.751321902743948
            ]
        ],
        "y_true": [
            [
                0.5963681244466884,
                0.6427604594567716,
                0.5191542693082367,
                0.41985689787638275,
                0.625755754382006,
                1.532456994957057,
                4.715229560131532,
                0.41987306030852145,
                0.42483818108236987,
                13.855198600631285
            ]
        ]
    },
    "SMAC": {
        "rmse": [
            0.36527708890604255
        ],
        "r2": [
            -0.4858150947311417
        ],
        "nll": [
            2.830103769613737
        ],
        "mace": [
            0.13155555555555554
        ],
        "sharpness": [
            6.043829348594436
        ],
        "observed_coverage": [
            0.8
        ],
        "regret": [
            0.0
        ],
        "y_pred": [
            [
                2.5346974206910327,
                1.9265578183240457,
                3.0853898243598317,
                8.56777400407332,
                3.0853898243598317,
                6.632857587847191,
                11.38200800640059,
                2.5346974206910327,
                8.56777400407332,
                9.959238429443332
            ]
        ],
        "y_std": [
            [
                3.7124633412198818,
                2.7659003030537406,
                4.202729339147234,
                10.171487648342222,
                4.202729339147234,
                4.791852804277359,
                7.563978684109132,
                3.7124633412198818,
                10.171487648342222,
                2.7647681194895855
            ]
        ],
        "y_true": [
            [
                0.5963681244466884,
                0.6427604594567716,
                0.5191542693082367,
                0.41985689787638275,
                0.625755754382006,
                1.532456994957057,
                4.715229560131532,
                0.41987306030852145,
                0.42483818108236987,
                13.855198600631285
            ]
        ]
    },
    "LLAMBO": {
        "rmse": [
            0.3301213107468348
        ],
        "r2": [
            -0.21357611889253003
        ],
        "nll": [
            -1.8657503134111149
        ],
        "mace": [
            0.392
        ],
        "sharpness": [
            0.020962249054178643
        ],
        "observed_coverage": [
            0.1
        ],
        "regret": [
            8.846688555251644e-05
        ],
        "y_pred": [
            [
                0.58,
                0.58,
                0.58,
                0.41,
                0.53,
                0.513395238095238,
                0.513395238095238,
                0.4771,
                0.4366666666666666,
                0.513395238095238
            ]
        ],
        "y_std": [
            [
                1e-05,
                1e-05,
                1e-05,
                1e-05,
                1e-05,
                0.012531508712998974,
                0.012531508712998974,
                0.05000819932771027,
                0.03771236166328255,
                0.012531508712998974
            ]
        ],
        "y_true": [
            [
                0.5963681244466884,
                0.6427604594567716,
                0.5191542693082367,
                0.41985689787638275,
                0.625755754382006,
                1.532456994957057,
                4.715229560131532,
                0.41987306030852145,
                0.42483818108236987,
                13.855198600631285
            ]
        ],
        "llm_query_cost": [
            0.0013999999999999996
        ],
        "llm_query_time": [
            35.00443077087402
        ]
    },
    "LLAMBO_VANILLA": {
        "rmse": [
            2.1286587974452424
        ],
        "r2": [
            -49.458229536213025
        ],
        "nll": [
            NaN
        ],
        "mace": [
            0.49
        ],
        "sharpness": [
            1e-05
        ],
        "observed_coverage": [
            0.0
        ],
        "regret": [
            0.0
        ],
        "y_pred": [
            [
                0.5305,
                56.7,
                56.7,
                0.4172,
                22.95298,
                22.95298,
                22.95298,
                22.95298,
                0.4172,
                22.95298
            ]
        ],
        "y_std": [
            [
                1e-05,
                1e-05,
                1e-05,
                1e-05,
                1e-05,
                1e-05,
                1e-05,
                1e-05,
                1e-05,
                1e-05
            ]
        ],
        "y_true": [
            [
                0.5963681244466884,
                0.6427604594567716,
                0.5191542693082367,
                0.41985689787638275,
                0.625755754382006,
                1.532456994957057,
                4.715229560131532,
                0.41987306030852145,
                0.42483818108236987,
                13.855198600631285
            ]
        ],
        "llm_query_cost": [
            0.00028
        ],
        "llm_query_time": [
            3.710552215576172
        ]
    }
}