{
    "GP": {
        "rmse": [
            0.3479270739102385
        ],
        "r2": [
            -0.3480200424368296
        ],
        "nll": [
            4.177468944460957
        ],
        "mace": [
            0.4252020202020202
        ],
        "sharpness": [
            25.580594051740622
        ],
        "observed_coverage": [
            1.0
        ],
        "regret": [
            0.003134959988719086
        ],
        "y_pred": [
            [
                1.4066132923003971e-39,
                3.202725455413711e-17,
                3.701206959158661e-36,
                3.039789202434307e-48,
                2.4282140393956924e-38,
                2.610612575386577e-45,
                1.8335269627315855e-31,
                2.968854330907953e-48,
                1.0173368919253325e-49,
                3.7816802060378564e-27
            ]
        ],
        "y_std": [
            [
                25.580594051740626,
                25.580594051740626,
                25.580594051740626,
                25.580594051740626,
                25.580594051740626,
                25.580594051740626,
                25.580594051740626,
                25.580594051740626,
                25.580594051740626,
                25.580594051740626
            ]
        ],
        "y_true": [
            [
                0.5963681244466884,
                0.6427604594567716,
                0.5191542693082367,
                0.41985689787638275,
                0.625755754382006,
                1.532456994957057,
                4.715229560131532,
                0.41987306030852145,
                0.42483818108236987,
                13.855198600631285
            ]
        ]
    },
    "SMAC": {
        "rmse": [
            0.9131135911656909
        ],
        "r2": [
            -8.284735028325994
        ],
        "nll": [
            3.9618901983960457
        ],
        "mace": [
            0.24845454545454548
        ],
        "sharpness": [
            10.263906235620086
        ],
        "observed_coverage": [
            0.2
        ],
        "regret": [
            0.003134959988719086
        ],
        "y_pred": [
            [
                13.963671942763813,
                13.963671942763813,
                13.963671942763813,
                13.963671942763813,
                13.963671942763813,
                13.963671942763813,
                13.963671942763813,
                13.963671942763813,
                13.963671942763813,
                13.963671942763813
            ]
        ],
        "y_std": [
            [
                10.263906235620086,
                10.263906235620086,
                10.263906235620086,
                10.263906235620086,
                10.263906235620086,
                10.263906235620086,
                10.263906235620086,
                10.263906235620086,
                10.263906235620086,
                10.263906235620086
            ]
        ],
        "y_true": [
            [
                0.5963681244466884,
                0.6427604594567716,
                0.5191542693082367,
                0.41985689787638275,
                0.625755754382006,
                1.532456994957057,
                4.715229560131532,
                0.41987306030852145,
                0.42483818108236987,
                13.855198600631285
            ]
        ]
    },
    "LLAMBO": {
        "rmse": [
            0.3941708314784953
        ],
        "r2": [
            -0.7301703571594627
        ],
        "nll": [
            9.40746196506498
        ],
        "mace": [
            0.13800000000000007
        ],
        "sharpness": [
            5.388317878923785
        ],
        "observed_coverage": [
            0.5
        ],
        "regret": [
            8.847099329983943e-05
        ],
        "y_pred": [
            [
                1.0178,
                0.6807749999999999,
                0.8678666666666667,
                3.3532200000000003,
                1.26845,
                0.39732,
                0.8703,
                1.2606999999999997,
                9.972100000000001,
                1.07985
            ]
        ],
        "y_std": [
            [
                0.40628727275168247,
                0.2704258343335562,
                0.29454314152976335,
                5.044123659229619,
                0.9144421646555894,
                0.10554091907881039,
                0.6415047622582393,
                1.5131684427055698,
                16.15217872502035,
                0.3607339636075317
            ]
        ],
        "y_true": [
            [
                0.5963681244466884,
                0.6427604594567716,
                0.5191542693082367,
                0.41985689787638275,
                0.625755754382006,
                1.532456994957057,
                4.715229560131532,
                0.41987306030852145,
                0.42483818108236987,
                13.855198600631285
            ]
        ],
        "llm_query_cost": [
            0.0013999999999999996
        ],
        "llm_query_time": [
            16.95685839653015
        ]
    },
    "LLAMBO_VANILLA": {
        "rmse": [
            0.34290674204308835
        ],
        "r2": [
            -0.3093988289801779
        ],
        "nll": [
            NaN
        ],
        "mace": [
            0.49
        ],
        "sharpness": [
            1e-05
        ],
        "observed_coverage": [
            0.0
        ],
        "regret": [
            2.8705583808874684e-07
        ],
        "y_pred": [
            [
                0.41,
                0.59,
                0.59,
                4.53,
                0.53,
                1.5158333333333334,
                0.53,
                0.17,
                4.97,
                1.3225
            ]
        ],
        "y_std": [
            [
                1e-05,
                1e-05,
                1e-05,
                1e-05,
                1e-05,
                1e-05,
                1e-05,
                1e-05,
                1e-05,
                1e-05
            ]
        ],
        "y_true": [
            [
                0.5963681244466884,
                0.6427604594567716,
                0.5191542693082367,
                0.41985689787638275,
                0.625755754382006,
                1.532456994957057,
                4.715229560131532,
                0.41987306030852145,
                0.42483818108236987,
                13.855198600631285
            ]
        ],
        "llm_query_cost": [
            0.00028
        ],
        "llm_query_time": [
            2.955009937286377
        ]
    }
}