{
    "hpo-bench-nn": {
        "alpha": [
            1e-8,
            7.742637e-8,
            5.994842e-7,
            4.641589e-6,
            3.5938137e-5,
            2.7825593e-4,
            2.1544348e-3,
            1.6681006e-2,
            1.2915497e-1,
            1
        ],
        "batch_size": [
            4,
            6,
            10,
            16,
            25,
            40,
            64,
            101,
            161,
            256
        ],
        "depth": [
            1,
            2,
            3
        ],
        "learning_rate_init": [
            1e-5,
            3.5938137e-5,
            1.2915497e-4,
            4.641589e-4,
            1.6681006e-3,
            5.9948424e-3,
            2.1544347e-2,
            7.742637e-2,
            2.7825594e-1,
            1
        ],
        "width": [
            16,
            25,
            40,
            64,
            101,
            161,
            256,
            406,
            645,
            1024
        ]
    },
    "hpo-bench-rf": {
        "max_depth": [
            1.0,
            2.0,
            3.0,
            5.0,
            8.0,
            13.0,
            20.0,
            32.0,
            50.0
        ],
        "max_features": [
            0.0,
            0.1111111119389534,
            0.2222222238779068,
            0.3333333432674408,
            0.4444444477558136,
            0.5555555820465088,
            0.6666666865348816,
            0.7777777910232544,
            0.8888888955116272,
            1.0
        ],
        "min_samples_leaf": [
            1.0, 3.0, 5.0, 7.0, 9.0, 11.0, 13.0, 15.0, 17.0, 20.0
        ],
        "min_samples_split": [
            2.0, 3.0, 5.0, 8.0, 12.0, 20.0, 32.0, 50.0, 80.0, 128.0
        ]
    },
    "hpo-bench-xgb": {
        "colsample_bytree": [
            0.10000000149011612,
            0.20000000298023224,
            0.30000001192092896,
            0.4000000059604645,
            0.5,
            0.6000000238418579,
            0.699999988079071,
            0.800000011920929,
            0.8999999761581421,
            1.0
        ],
        "eta": [
            0.0009765625,
            0.0021094917319715023,
            0.004556754138320684,
            0.009843133389949799,
            0.02126234397292137,
            0.045929204672575,
            0.09921256452798843,
            0.21431098878383636,
            0.4629373550415039,
            1.0
        ],
        "max_depth": [
            1.0, 2.0, 3.0, 5.0, 8.0, 13.0, 20.0, 32.0, 50.0
        ],
        "reg_lambda": [
            0.0009765625,
            0.004556754138320684,
            0.02126234397292137,
            0.09921256452798843,
            0.4629373550415039,
            2.1601195335388184,
            10.079368591308594,
            47.0315055847168,
            219.45445251464844,
            1024.0
        ]
    },
    "hpolib": {
        "init_lr": [
            5e-4,
            1e-3,
            5e-3,
            1e-2,
            5e-2,
            1e-1
        ],
        "lr_schedule": [
            "cosine",
            "const"
        ],
        "batch_size": [
            8,
            16,
            32,
            64
        ],
        "activation_fn_1": [
            "relu",
            "tanh"
        ],
        "activation_fn_2": [
            "relu",
            "tanh"
        ],
        "dropout_1": [
            0.0,
            0.3,
            0.6
        ],
        "dropout_2": [
            0.0,
            0.3,
            0.6
        ],
        "n_units_1": [
            16,
            32,
            64,
            128,
            256,
            512
        ],
        "n_units_2": [
            16,
            32,
            64,
            128,
            256,
            512
        ]
    },
    "jahs-bench": {
        "Activation": [
            "ReLU",
            "Hardswish",
            "Mish"
        ],
        "TrivialAugment": [
            true,
            false
        ],
        "N": [
            1,
            3,
            5
        ],
        "W": [
            4,
            8,
            16
        ],
        "Op1": [
            "0",
            "1",
            "2",
            "3",
            "4"
        ],
        "Op2": [
            "0",
            "1",
            "2",
            "3",
            "4"
        ],
        "Op3": [
            "0",
            "1",
            "2",
            "3",
            "4"
        ],
        "Op4": [
            "0",
            "1",
            "2",
            "3",
            "4"
        ],
        "Op5": [
            "0",
            "1",
            "2",
            "3",
            "4"
        ],
        "Op6": [
            "0",
            "1",
            "2",
            "3",
            "4"
        ]
    },
    "nashpobench2": {
        "lr": [
            0.003125,
            0.00625,
            0.0125,
            0.025,
            0.05,
            0.1,
            0.2,
            0.4
        ],
        "batch_size": [
            16,
            32,
            64,
            128,
            256,
            512
        ],
        "Op1": [
            "0",
            "1",
            "2",
            "3"
        ],
        "Op2": [
            "0",
            "1",
            "2",
            "3"
        ],
        "Op3": [
            "0",
            "1",
            "2",
            "3"
        ],
        "Op4": [
            "0",
            "1",
            "2",
            "3"
        ],
        "Op5": [
            "0",
            "1",
            "2",
            "3"
        ],
        "Op6": [
            "0",
            "1",
            "2",
            "3"
        ]
    }
}