{
    "GP": {
        "rmse": [
            0.3364657714981426
        ],
        "r2": [
            -0.08692868788531638
        ],
        "nll": [
            -3.82474136898277
        ],
        "mace": [
            0.16561616161616155
        ],
        "sharpness": [
            0.040467960339598576
        ],
        "observed_coverage": [
            0.8
        ],
        "regret": [
            0.3783399562018986
        ],
        "y_pred": [
            [
                0.4824777606181829,
                0.5022099901411003,
                0.4587511221438447,
                0.4606894352423012,
                0.4742582548157941,
                0.4830870743351401,
                0.4551182361329307,
                0.4912548346148018,
                0.4243987357912964,
                0.4351428375907247
            ]
        ],
        "y_std": [
            [
                1e-05,
                0.009008568412468415,
                1e-05,
                0.011850525613730767,
                0.01845319831039944,
                0.019722809061721885,
                0.02301618868878227,
                1e-05,
                0.10099130668547177,
                0.06853079516060433
            ]
        ],
        "y_true": [
            [
                0.4824777606181818,
                0.5038452019834738,
                0.4587511221438413,
                0.41791077984276054,
                0.4920352030565343,
                0.4165773498127901,
                0.4639514199173215,
                0.4912548346148014,
                0.4554269464445637,
                0.4669016745247767
            ]
        ]
    },
    "SMAC": {
        "rmse": [
            0.31189988617963127
        ],
        "r2": [
            0.06599391952864031
        ],
        "nll": [
            -1.6395491012442478
        ],
        "mace": [
            0.18190909090909088
        ],
        "sharpness": [
            0.014998161224476645
        ],
        "observed_coverage": [
            0.5
        ],
        "regret": [
            0.3783399562018986
        ],
        "y_pred": [
            [
                0.4823893622167412,
                0.4823893622167412,
                0.4724108547857448,
                0.4724108547857448,
                0.479222127334156,
                0.46661223908643557,
                0.4724108547857448,
                0.46661223908643557,
                0.4697478531775196,
                0.4823893622167412
            ]
        ],
        "y_std": [
            [
                0.013163491767339618,
                0.013163491767339618,
                0.016223929212058914,
                0.016223929212058914,
                0.016552832207236867,
                0.014256499683658613,
                0.016223929212058914,
                0.014256499683658613,
                0.016108271069625812,
                0.013163491767339618
            ]
        ],
        "y_true": [
            [
                0.4824777606181818,
                0.5038452019834738,
                0.4587511221438413,
                0.41791077984276054,
                0.4920352030565343,
                0.4165773498127901,
                0.4639514199173215,
                0.4912548346148014,
                0.4554269464445637,
                0.4669016745247767
            ]
        ]
    },
    "LLAMBO": {
        "rmse": [
            0.27365091539476705
        ],
        "r2": [
            0.28102617207288283
        ],
        "nll": [
            1.0869708357264425
        ],
        "mace": [
            0.354
        ],
        "sharpness": [
            0.011807911119245439
        ],
        "observed_coverage": [
            0.3
        ],
        "regret": [
            0.0
        ],
        "y_pred": [
            [
                0.4824,
                0.4644,
                0.4587,
                0.45527999999999996,
                0.45269999999999994,
                0.43507999999999997,
                0.45952499999999996,
                0.46942500000000004,
                0.4369,
                0.47155
            ]
        ],
        "y_std": [
            [
                1e-05,
                0.020099378099831845,
                1e-05,
                0.010352854678783047,
                0.00037416573867739744,
                0.00933325238060131,
                0.004485183942716298,
                0.02452247693443713,
                0.010918333206126283,
                0.007427819330059112
            ]
        ],
        "y_true": [
            [
                0.4824777606181818,
                0.5038452019834738,
                0.4587511221438413,
                0.41791077984276054,
                0.4920352030565343,
                0.4165773498127901,
                0.4639514199173215,
                0.4912548346148014,
                0.4554269464445637,
                0.4669016745247767
            ]
        ],
        "llm_query_cost": [
            0.0013999999999999996
        ],
        "llm_query_time": [
            25.483234405517578
        ]
    },
    "LLAMBO_VANILLA": {
        "rmse": [
            0.40572314194116055
        ],
        "r2": [
            -0.5804429773737618
        ],
        "nll": [
            2.4733810228805186
        ],
        "mace": [
            0.49
        ],
        "sharpness": [
            1e-05
        ],
        "observed_coverage": [
            0.0
        ],
        "regret": [
            0.3783399562018986
        ],
        "y_pred": [
            [
                0.44519999999999993,
                0.44519999999999993,
                0.4587,
                0.4531,
                0.4522,
                0.4317,
                0.4581,
                0.4317,
                0.4309,
                0.44519999999999993
            ]
        ],
        "y_std": [
            [
                1e-05,
                1e-05,
                1e-05,
                1e-05,
                1e-05,
                1e-05,
                1e-05,
                1e-05,
                1e-05,
                1e-05
            ]
        ],
        "y_true": [
            [
                0.4824777606181818,
                0.5038452019834738,
                0.4587511221438413,
                0.41791077984276054,
                0.4920352030565343,
                0.4165773498127901,
                0.4639514199173215,
                0.4912548346148014,
                0.4554269464445637,
                0.4669016745247767
            ]
        ],
        "llm_query_cost": [
            0.00028
        ],
        "llm_query_time": [
            3.4194674491882324
        ]
    }
}