{
    "GP": {
        "rmse": [
            0.8805869225979678
        ],
        "r2": [
            -6.444983406302833
        ],
        "nll": [
            -5.520532145607605
        ],
        "mace": [
            0.28611111111111115
        ],
        "sharpness": [
            0.11173445072181391
        ],
        "observed_coverage": [
            0.9
        ],
        "regret": [
            0.17699071363502386
        ],
        "y_pred": [
            [
                0.48247776061818204,
                0.5038452019834745,
                0.45875112214384206,
                0.41791077984276015,
                0.4814854198939793,
                0.46066515211024384,
                0.28882754056841353,
                0.49125483461480135,
                0.3104559906721228,
                0.5398024439762323
            ]
        ],
        "y_std": [
            [
                1e-05,
                1e-05,
                1e-05,
                1e-05,
                0.09593698416257633,
                0.15820975729778927,
                0.07054487622169414,
                1e-05,
                0.2677428309002105,
                0.11810520304807046
            ]
        ],
        "y_true": [
            [
                0.4824777606181818,
                0.5038452019834738,
                0.4587511221438413,
                0.41791077984276054,
                0.4920352030565343,
                0.4165773498127901,
                0.4639514199173215,
                0.4912548346148014,
                0.4554269464445637,
                0.4669016745247767
            ]
        ]
    },
    "SMAC": {
        "rmse": [
            0.5129521644356385
        ],
        "r2": [
            -1.5262306754550519
        ],
        "nll": [
            -0.2279871772215803
        ],
        "mace": [
            0.241
        ],
        "sharpness": [
            0.02832051434207828
        ],
        "observed_coverage": [
            0.4
        ],
        "regret": [
            0.00607483096475241
        ],
        "y_pred": [
            [
                0.5130459585899206,
                0.4926131823828228,
                0.4642212106601313,
                0.510143757466519,
                0.4702660401232048,
                0.46949559009810204,
                0.5270104946583696,
                0.4788711958380813,
                0.4730822393945181,
                0.5191051392751996
            ]
        ],
        "y_std": [
            [
                0.03361751963319914,
                0.023172609271391167,
                0.018767555382781617,
                0.048055890755896356,
                0.007691110607300429,
                0.009187150515685133,
                0.041339643038077294,
                0.014471291517740462,
                0.00823789447718445,
                0.03952232180402886
            ]
        ],
        "y_true": [
            [
                0.4824777606181818,
                0.5038452019834738,
                0.4587511221438413,
                0.41791077984276054,
                0.4920352030565343,
                0.4165773498127901,
                0.4639514199173215,
                0.4912548346148014,
                0.4554269464445637,
                0.4669016745247767
            ]
        ]
    },
    "LLAMBO": {
        "rmse": [
            0.23488745072047057
        ],
        "r2": [
            0.47028911187732825
        ],
        "nll": [
            -0.5973599818916395
        ],
        "mace": [
            0.292
        ],
        "sharpness": [
            0.011343342300057777
        ],
        "observed_coverage": [
            0.3
        ],
        "regret": [
            0.00607483096475241
        ],
        "y_pred": [
            [
                0.45725625,
                0.46,
                0.4587,
                0.4325,
                0.46026666666666666,
                0.43084999999999996,
                0.47333333333333333,
                0.4824,
                0.45725625,
                0.46
            ]
        ],
        "y_std": [
            [
                0.006257667333693731,
                1e-05,
                1e-05,
                0.022776083947860768,
                0.00018856180831639194,
                0.0008499999999999897,
                0.0262466929133727,
                1e-05,
                0.006257667333693731,
                1e-05
            ]
        ],
        "y_true": [
            [
                0.4824777606181818,
                0.5038452019834738,
                0.4587511221438413,
                0.41791077984276054,
                0.4920352030565343,
                0.4165773498127901,
                0.4639514199173215,
                0.4912548346148014,
                0.4554269464445637,
                0.4669016745247767
            ]
        ],
        "llm_query_cost": [
            0.0013999999999999996
        ],
        "llm_query_time": [
            34.511892795562744
        ]
    },
    "LLAMBO_VANILLA": {
        "rmse": [
            0.9120358265423533
        ],
        "r2": [
            -6.9862530718348985
        ],
        "nll": [
            NaN
        ],
        "mace": [
            0.49
        ],
        "sharpness": [
            1e-05
        ],
        "observed_coverage": [
            0.0
        ],
        "regret": [
            0.3002286187895235
        ],
        "y_pred": [
            [
                0.5225,
                0.5225,
                0.5225,
                0.57,
                0.5225,
                0.43,
                0.63,
                0.5225,
                0.5225,
                0.46
            ]
        ],
        "y_std": [
            [
                1e-05,
                1e-05,
                1e-05,
                1e-05,
                1e-05,
                1e-05,
                1e-05,
                1e-05,
                1e-05,
                1e-05
            ]
        ],
        "y_true": [
            [
                0.4824777606181818,
                0.5038452019834738,
                0.4587511221438413,
                0.41791077984276054,
                0.4920352030565343,
                0.4165773498127901,
                0.4639514199173215,
                0.4912548346148014,
                0.4554269464445637,
                0.4669016745247767
            ]
        ],
        "llm_query_cost": [
            0.00028
        ],
        "llm_query_time": [
            4.1835832595825195
        ]
    }
}