{
    "GP": {
        "rmse": [
            0.5946474308069127
        ],
        "r2": [
            -2.3949889468537706
        ],
        "nll": [
            -2.741901363574681
        ],
        "mace": [
            0.18461616161616162
        ],
        "sharpness": [
            0.027962794409088006
        ],
        "observed_coverage": [
            0.5
        ],
        "regret": [
            0.3783399562018986
        ],
        "y_pred": [
            [
                0.48247776061817493,
                0.4989874146846585,
                0.45875112214383656,
                0.48240140739563453,
                0.47045119230033045,
                0.3886886664144199,
                0.4889553890165625,
                0.38833452496172133,
                0.3609316556448662,
                0.4300774225308677
            ]
        ],
        "y_std": [
            [
                1e-05,
                0.006950431097367483,
                1e-05,
                0.02561944826892511,
                0.009952004637966867,
                0.04330706187569813,
                0.013743835943679797,
                0.02718895397678032,
                0.05188712311775915,
                0.038981586611507114
            ]
        ],
        "y_true": [
            [
                0.4824777606181818,
                0.5038452019834738,
                0.4587511221438413,
                0.41791077984276054,
                0.4920352030565343,
                0.4165773498127901,
                0.4639514199173215,
                0.4912548346148014,
                0.4554269464445637,
                0.4669016745247767
            ]
        ]
    },
    "SMAC": {
        "rmse": [
            0.3831616916254112
        ],
        "r2": [
            -0.4095595713698288
        ],
        "nll": [
            0.9764437007927315
        ],
        "mace": [
            0.28512121212121216
        ],
        "sharpness": [
            0.011071221946832716
        ],
        "observed_coverage": [
            0.3
        ],
        "regret": [
            0.6417765099112371
        ],
        "y_pred": [
            [
                0.48293731283792163,
                0.48293731283792163,
                0.48293731283792163,
                0.48293731283792163,
                0.48293731283792163,
                0.48293731283792163,
                0.48293731283792163,
                0.48293731283792163,
                0.48293731283792163,
                0.48293731283792163
            ]
        ],
        "y_std": [
            [
                0.011071221946832714,
                0.011071221946832714,
                0.011071221946832714,
                0.011071221946832714,
                0.011071221946832714,
                0.011071221946832714,
                0.011071221946832714,
                0.011071221946832714,
                0.011071221946832714,
                0.011071221946832714
            ]
        ],
        "y_true": [
            [
                0.4824777606181818,
                0.5038452019834738,
                0.4587511221438413,
                0.41791077984276054,
                0.4920352030565343,
                0.4165773498127901,
                0.4639514199173215,
                0.4912548346148014,
                0.4554269464445637,
                0.4669016745247767
            ]
        ]
    },
    "LLAMBO": {
        "rmse": [
            0.3023306925452991
        ],
        "r2": [
            0.12242599812110688
        ],
        "nll": [
            -0.32260855263917937
        ],
        "mace": [
            0.38400000000000006
        ],
        "sharpness": [
            0.010489068595447355
        ],
        "observed_coverage": [
            0.1
        ],
        "regret": [
            0.4613562343603618
        ],
        "y_pred": [
            [
                0.4698,
                0.46478,
                0.45508000000000004,
                0.44821999999999995,
                0.46840000000000004,
                0.44882,
                0.44496,
                0.44400000000000006,
                0.44586000000000003,
                0.47456
            ]
        ],
        "y_std": [
            [
                0.0114873843846195,
                0.017082669580601277,
                0.004155670824307426,
                0.008019326655025341,
                0.00786816369936467,
                0.01178921541070483,
                0.015153296671021778,
                0.009777320696387117,
                0.007657310232712261,
                0.0031784272840510376
            ]
        ],
        "y_true": [
            [
                0.4824777606181818,
                0.5038452019834738,
                0.4587511221438413,
                0.41791077984276054,
                0.4920352030565343,
                0.4165773498127901,
                0.4639514199173215,
                0.4912548346148014,
                0.4554269464445637,
                0.4669016745247767
            ]
        ],
        "llm_query_cost": [
            0.0013999999999999996
        ],
        "llm_query_time": [
            18.125470399856567
        ]
    },
    "LLAMBO_VANILLA": {
        "rmse": [
            0.27897007083496356
        ],
        "r2": [
            0.2528040720746497
        ],
        "nll": [
            2.4733810228805186
        ],
        "mace": [
            0.49
        ],
        "sharpness": [
            1e-05
        ],
        "observed_coverage": [
            0.0
        ],
        "regret": [
            0.3783399562018986
        ],
        "y_pred": [
            [
                0.4600666666666667,
                0.4732,
                0.4587,
                0.4538,
                0.4653,
                0.4537,
                0.4518,
                0.4695,
                0.4365,
                0.4781
            ]
        ],
        "y_std": [
            [
                1e-05,
                1e-05,
                1e-05,
                1e-05,
                1e-05,
                1e-05,
                1e-05,
                1e-05,
                1e-05,
                1e-05
            ]
        ],
        "y_true": [
            [
                0.4824777606181818,
                0.5038452019834738,
                0.4587511221438413,
                0.41791077984276054,
                0.4920352030565343,
                0.4165773498127901,
                0.4639514199173215,
                0.4912548346148014,
                0.4554269464445637,
                0.4669016745247767
            ]
        ],
        "llm_query_cost": [
            0.00028
        ],
        "llm_query_time": [
            3.251650810241699
        ]
    }
}