{"llm_query_cost_breakdown": [0, 0.018680000000000002, 0.020625000000000004, 0.022574000000000004, 0.022390000000000004, 0.026468000000000005, 0.028411, 0.030362000000000004, 0.029462000000000002, 0.031240000000000004, 0.036203000000000006, 0.03477800000000001, 0.026716, 0.032310000000000005, 0.030168, 0.031472999999999994, 0.02817, 0.033899000000000006, 0.030744, 0.042602, 0.04991399999999999], "llm_query_time_breakdown": [2.588095188140869, 3.4146296977996826, 3.089986801147461, 3.8682734966278076, 50.71436786651611, 3.013188600540161, 53.725128412246704, 3.0151822566986084, 3.1915102005004883, 53.45032215118408, 3.007995367050171, 57.62012529373169, 3.8650543689727783, 54.95396041870117, 4.8683412075042725, 52.482075452804565, 57.45750308036804, 7.402897357940674, 52.356929302215576, 59.80423355102539, 59.92086863517761], "llm_query_cost": 0.6071890000000001, "llm_query_time": 593.8106687068939}