{
    "GP": {
        "rmse": [
            0.3364657714981426
        ],
        "r2": [
            -0.08692868788531638
        ],
        "nll": [
            -3.82474136898277
        ],
        "mace": [
            0.16561616161616155
        ],
        "sharpness": [
            0.040467960339598576
        ],
        "observed_coverage": [
            0.8
        ],
        "regret": [
            0.3783399562018986
        ],
        "y_pred": [
            [
                0.4824777606181829,
                0.5022099901411003,
                0.4587511221438447,
                0.4606894352423012,
                0.4742582548157941,
                0.4830870743351401,
                0.4551182361329307,
                0.4912548346148018,
                0.4243987357912964,
                0.4351428375907247
            ]
        ],
        "y_std": [
            [
                1e-05,
                0.009008568412468415,
                1e-05,
                0.011850525613730767,
                0.01845319831039944,
                0.019722809061721885,
                0.02301618868878227,
                1e-05,
                0.10099130668547177,
                0.06853079516060433
            ]
        ],
        "y_true": [
            [
                0.4824777606181818,
                0.5038452019834738,
                0.4587511221438413,
                0.41791077984276054,
                0.4920352030565343,
                0.4165773498127901,
                0.4639514199173215,
                0.4912548346148014,
                0.4554269464445637,
                0.4669016745247767
            ]
        ]
    },
    "SMAC": {
        "rmse": [
            0.31189988617963127
        ],
        "r2": [
            0.06599391952864031
        ],
        "nll": [
            -1.6395491012442478
        ],
        "mace": [
            0.18190909090909088
        ],
        "sharpness": [
            0.014998161224476645
        ],
        "observed_coverage": [
            0.5
        ],
        "regret": [
            0.3783399562018986
        ],
        "y_pred": [
            [
                0.4823893622167412,
                0.4823893622167412,
                0.4724108547857448,
                0.4724108547857448,
                0.479222127334156,
                0.46661223908643557,
                0.4724108547857448,
                0.46661223908643557,
                0.4697478531775196,
                0.4823893622167412
            ]
        ],
        "y_std": [
            [
                0.013163491767339618,
                0.013163491767339618,
                0.016223929212058914,
                0.016223929212058914,
                0.016552832207236867,
                0.014256499683658613,
                0.016223929212058914,
                0.014256499683658613,
                0.016108271069625812,
                0.013163491767339618
            ]
        ],
        "y_true": [
            [
                0.4824777606181818,
                0.5038452019834738,
                0.4587511221438413,
                0.41791077984276054,
                0.4920352030565343,
                0.4165773498127901,
                0.4639514199173215,
                0.4912548346148014,
                0.4554269464445637,
                0.4669016745247767
            ]
        ]
    },
    "LLAMBO": {
        "rmse": [
            0.2728117973439611
        ],
        "r2": [
            0.285428707589899
        ],
        "nll": [
            -3.4752924525989934
        ],
        "mace": [
            0.20042424242424242
        ],
        "sharpness": [
            0.011129931335906795
        ],
        "observed_coverage": [
            0.4
        ],
        "regret": [
            0.0
        ],
        "y_pred": [
            [
                0.4824780000000001,
                0.48454084,
                0.45875099999999996,
                0.46174442000000004,
                0.47962792,
                0.44777744000000014,
                0.46352648,
                0.4912549999999999,
                0.47662625999999997,
                0.5092932
            ]
        ],
        "y_std": [
            [
                1e-05,
                0.011148591411223215,
                1e-05,
                0.01000175329647757,
                0.010892234293917844,
                0.016036608071733873,
                0.017692185856179557,
                1e-05,
                0.013468518207746543,
                0.012008299901318258
            ]
        ],
        "y_true": [
            [
                0.4824777606181818,
                0.5038452019834738,
                0.4587511221438413,
                0.41791077984276054,
                0.4920352030565343,
                0.4165773498127901,
                0.4639514199173215,
                0.4912548346148014,
                0.4554269464445637,
                0.4669016745247767
            ]
        ],
        "llm_query_cost": [
            0.066175
        ],
        "llm_query_time": [
            60.03011441230774
        ]
    },
    "LLAMBO_VANILLA": {
        "rmse": [
            0.24451911922826555
        ],
        "r2": [
            0.4259563508790033
        ],
        "nll": [
            -3.073226746242263
        ],
        "mace": [
            0.20212121212121215
        ],
        "sharpness": [
            0.008291088678876858
        ],
        "observed_coverage": [
            0.5
        ],
        "regret": [
            0.0
        ],
        "y_pred": [
            [
                0.4824780000000001,
                0.4820374,
                0.4587510000000001,
                0.4555678,
                0.4831221000000001,
                0.44179440000000003,
                0.4565232000000001,
                0.49125499999999994,
                0.47412580000000004,
                0.5061392
            ]
        ],
        "y_std": [
            [
                1e-05,
                0.0055031229897213735,
                1e-05,
                0.009933154038874062,
                0.01065486269690981,
                0.007249364968050645,
                0.008421450775252444,
                1e-05,
                0.007794857327751412,
                0.016146494280802875
            ]
        ],
        "y_true": [
            [
                0.4824777606181818,
                0.5038452019834738,
                0.4587511221438413,
                0.41791077984276054,
                0.4920352030565343,
                0.4165773498127901,
                0.4639514199173215,
                0.4912548346148014,
                0.4554269464445637,
                0.4669016745247767
            ]
        ],
        "llm_query_cost": [
            0.013235
        ],
        "llm_query_time": [
            3.308081865310669
        ]
    }
}