{
    "GP": {
        "rmse": [
            0.8805869225979678
        ],
        "r2": [
            -6.444983406302833
        ],
        "nll": [
            -5.520532145607605
        ],
        "mace": [
            0.28611111111111115
        ],
        "sharpness": [
            0.11173445072181391
        ],
        "observed_coverage": [
            0.9
        ],
        "regret": [
            0.17699071363502386
        ],
        "y_pred": [
            [
                0.48247776061818204,
                0.5038452019834745,
                0.45875112214384206,
                0.41791077984276015,
                0.4814854198939793,
                0.46066515211024384,
                0.28882754056841353,
                0.49125483461480135,
                0.3104559906721228,
                0.5398024439762323
            ]
        ],
        "y_std": [
            [
                1e-05,
                1e-05,
                1e-05,
                1e-05,
                0.09593698416257633,
                0.15820975729778927,
                0.07054487622169414,
                1e-05,
                0.2677428309002105,
                0.11810520304807046
            ]
        ],
        "y_true": [
            [
                0.4824777606181818,
                0.5038452019834738,
                0.4587511221438413,
                0.41791077984276054,
                0.4920352030565343,
                0.4165773498127901,
                0.4639514199173215,
                0.4912548346148014,
                0.4554269464445637,
                0.4669016745247767
            ]
        ]
    },
    "SMAC": {
        "rmse": [
            0.5129521644356385
        ],
        "r2": [
            -1.5262306754550519
        ],
        "nll": [
            -0.2279871772215803
        ],
        "mace": [
            0.241
        ],
        "sharpness": [
            0.02832051434207828
        ],
        "observed_coverage": [
            0.4
        ],
        "regret": [
            0.00607483096475241
        ],
        "y_pred": [
            [
                0.5130459585899206,
                0.4926131823828228,
                0.4642212106601313,
                0.510143757466519,
                0.4702660401232048,
                0.46949559009810204,
                0.5270104946583696,
                0.4788711958380813,
                0.4730822393945181,
                0.5191051392751996
            ]
        ],
        "y_std": [
            [
                0.03361751963319914,
                0.023172609271391167,
                0.018767555382781617,
                0.048055890755896356,
                0.007691110607300429,
                0.009187150515685133,
                0.041339643038077294,
                0.014471291517740462,
                0.00823789447718445,
                0.03952232180402886
            ]
        ],
        "y_true": [
            [
                0.4824777606181818,
                0.5038452019834738,
                0.4587511221438413,
                0.41791077984276054,
                0.4920352030565343,
                0.4165773498127901,
                0.4639514199173215,
                0.4912548346148014,
                0.4554269464445637,
                0.4669016745247767
            ]
        ]
    },
    "LLAMBO": {
        "rmse": [
            0.3099312596906112
        ],
        "r2": [
            0.07774709084082354
        ],
        "nll": [
            -5.645283983470842
        ],
        "mace": [
            0.16508080808080808
        ],
        "sharpness": [
            0.026194606161445533
        ],
        "observed_coverage": [
            0.7
        ],
        "regret": [
            0.21582644872917597
        ],
        "y_pred": [
            [
                0.48185496,
                0.503845,
                0.45875099999999996,
                0.417911,
                0.48711060000000006,
                0.44829224,
                0.5281266600000001,
                0.4912549999999999,
                0.48252258,
                0.50474758
            ]
        ],
        "y_std": [
            [
                0.003052260178687269,
                1e-05,
                1e-05,
                1e-05,
                0.029905147978901557,
                0.020434927000173013,
                0.06804980653392338,
                1e-05,
                0.019050850782146186,
                0.02338037692945946
            ]
        ],
        "y_true": [
            [
                0.4824777606181818,
                0.5038452019834738,
                0.4587511221438413,
                0.41791077984276054,
                0.4920352030565343,
                0.4165773498127901,
                0.4639514199173215,
                0.4912548346148014,
                0.4554269464445637,
                0.4669016745247767
            ]
        ],
        "llm_query_cost": [
            0.11417499999999998
        ],
        "llm_query_time": [
            62.60831880569458
        ]
    },
    "LLAMBO_VANILLA": {
        "rmse": [
            0.46157216877422247
        ],
        "r2": [
            -1.0454953658335202
        ],
        "nll": [
            -6.486846457727
        ],
        "mace": [
            0.20642424242424245
        ],
        "sharpness": [
            0.022602004779532277
        ],
        "observed_coverage": [
            0.6
        ],
        "regret": [
            0.0
        ],
        "y_pred": [
            [
                0.4824780000000001,
                0.503845,
                0.4587510000000001,
                0.417911,
                0.49026060000000005,
                0.4655959000000001,
                0.5744465000000001,
                0.49125499999999994,
                0.4949778,
                0.473663
            ]
        ],
        "y_std": [
            [
                1e-05,
                1e-05,
                1e-05,
                1e-05,
                0.025132587388488285,
                0.034670470240393325,
                0.04791440168519274,
                1e-05,
                0.031289411246618236,
                1e-05
            ]
        ],
        "y_true": [
            [
                0.4824777606181818,
                0.5038452019834738,
                0.4587511221438413,
                0.41791077984276054,
                0.4920352030565343,
                0.4165773498127901,
                0.4639514199173215,
                0.4912548346148014,
                0.4554269464445637,
                0.4669016745247767
            ]
        ],
        "llm_query_cost": [
            0.022835000000000005
        ],
        "llm_query_time": [
            58.27371692657471
        ]
    }
}