{
    "GP": {
        "rmse": [
            0.6895764561596378
        ],
        "r2": [
            -3.565455577215589
        ],
        "nll": [
            -7.635767489452739
        ],
        "mace": [
            0.371
        ],
        "sharpness": [
            0.1134639493646518
        ],
        "observed_coverage": [
            1.0
        ],
        "regret": [
            0.13199863987115637
        ],
        "y_pred": [
            [
                0.48247776061818115,
                0.5038452019834736,
                0.45875112214384206,
                0.4179107798427584,
                0.49203520305653536,
                0.4165773498127898,
                0.396615289809529,
                0.4912548346148009,
                0.28421399098374733,
                0.5155402731550367
            ]
        ],
        "y_std": [
            [
                1e-05,
                1e-05,
                1e-05,
                1e-05,
                1e-05,
                1e-05,
                0.0900296863262657,
                1e-05,
                0.31047505303122025,
                0.15569384823909346
            ]
        ],
        "y_true": [
            [
                0.4824777606181818,
                0.5038452019834738,
                0.4587511221438413,
                0.41791077984276054,
                0.4920352030565343,
                0.4165773498127901,
                0.4639514199173215,
                0.4912548346148014,
                0.4554269464445637,
                0.4669016745247767
            ]
        ]
    },
    "SMAC": {
        "rmse": [
            0.6718802968819009
        ],
        "r2": [
            -3.334141459338344
        ],
        "nll": [
            -2.029411162192443
        ],
        "mace": [
            0.12512121212121216
        ],
        "sharpness": [
            0.03796540627038152
        ],
        "observed_coverage": [
            0.5
        ],
        "regret": [
            0.16096210414304798
        ],
        "y_pred": [
            [
                0.48663965964690303,
                0.5034706734812886,
                0.46424476549298904,
                0.5762765113572125,
                0.4775925173037393,
                0.4530465416707265,
                0.5150247663965383,
                0.46539362424097436,
                0.46635462926357457,
                0.5326001474344106
            ]
        ],
        "y_std": [
            [
                0.02487397817958003,
                0.03063063433185449,
                0.007390407608612912,
                0.07661568722393748,
                0.00997801193072812,
                0.02127447624855114,
                0.05924055454106681,
                0.018716550993396423,
                0.019734815421376443,
                0.04616068613448403
            ]
        ],
        "y_true": [
            [
                0.4824777606181818,
                0.5038452019834738,
                0.4587511221438413,
                0.41791077984276054,
                0.4920352030565343,
                0.4165773498127901,
                0.4639514199173215,
                0.4912548346148014,
                0.4554269464445637,
                0.4669016745247767
            ]
        ]
    },
    "LLAMBO": {
        "rmse": [
            0.1564004168481213
        ],
        "r2": [
            0.7651475563134935
        ],
        "nll": [
            -8.040198800819095
        ],
        "mace": [
            0.32099999999999995
        ],
        "sharpness": [
            0.016895820270417177
        ],
        "observed_coverage": [
            0.9
        ],
        "regret": [
            0.16096210414304798
        ],
        "y_pred": [
            [
                0.4824780000000001,
                0.503845,
                0.45875099999999996,
                0.417911,
                0.49203500000000006,
                0.41657700000000003,
                0.47194196,
                0.4912549999999999,
                0.4790060799999999,
                0.50215864
            ]
        ],
        "y_std": [
            [
                1e-05,
                1e-05,
                1e-05,
                1e-05,
                1e-05,
                1e-05,
                0.03996367640543597,
                1e-05,
                0.027301254390111825,
                0.022632560681248595
            ]
        ],
        "y_true": [
            [
                0.4824777606181818,
                0.5038452019834738,
                0.4587511221438413,
                0.41791077984276054,
                0.4920352030565343,
                0.4165773498127901,
                0.4639514199173215,
                0.4912548346148014,
                0.4554269464445637,
                0.4669016745247767
            ]
        ],
        "llm_query_cost": [
            0.16217699999999996
        ],
        "llm_query_time": [
            120.08472347259521
        ]
    },
    "LLAMBO_VANILLA": {
        "rmse": [
            0.2692947796657478
        ],
        "r2": [
            0.3037340770442062
        ],
        "nll": [
            -8.165742192939673
        ],
        "mace": [
            0.27861616161616154
        ],
        "sharpness": [
            0.016059831740712602
        ],
        "observed_coverage": [
            0.8
        ],
        "regret": [
            0.16096210414304798
        ],
        "y_pred": [
            [
                0.4824780000000001,
                0.503845,
                0.4587510000000001,
                0.417911,
                0.4920349999999999,
                0.41657700000000003,
                0.4948696,
                0.49125499999999994,
                0.4981508,
                0.5192620000000001
            ]
        ],
        "y_std": [
            [
                1e-05,
                1e-05,
                1e-05,
                1e-05,
                1e-05,
                1e-05,
                0.049275210335827074,
                1e-05,
                0.012293689509663077,
                1e-05
            ]
        ],
        "y_true": [
            [
                0.4824777606181818,
                0.5038452019834738,
                0.4587511221438413,
                0.41791077984276054,
                0.4920352030565343,
                0.4165773498127901,
                0.4639514199173215,
                0.4912548346148014,
                0.4554269464445637,
                0.4669016745247767
            ]
        ],
        "llm_query_cost": [
            0.032435
        ],
        "llm_query_time": [
            59.80775165557861
        ]
    }
}