{
    "GP": {
        "rmse": [
            0.5946474308069127
        ],
        "r2": [
            -2.3949889468537706
        ],
        "nll": [
            -2.741901363574681
        ],
        "mace": [
            0.18461616161616162
        ],
        "sharpness": [
            0.027962794409088006
        ],
        "observed_coverage": [
            0.5
        ],
        "regret": [
            0.3783399562018986
        ],
        "y_pred": [
            [
                0.48247776061817493,
                0.4989874146846585,
                0.45875112214383656,
                0.48240140739563453,
                0.47045119230033045,
                0.3886886664144199,
                0.4889553890165625,
                0.38833452496172133,
                0.3609316556448662,
                0.4300774225308677
            ]
        ],
        "y_std": [
            [
                1e-05,
                0.006950431097367483,
                1e-05,
                0.02561944826892511,
                0.009952004637966867,
                0.04330706187569813,
                0.013743835943679797,
                0.02718895397678032,
                0.05188712311775915,
                0.038981586611507114
            ]
        ],
        "y_true": [
            [
                0.4824777606181818,
                0.5038452019834738,
                0.4587511221438413,
                0.41791077984276054,
                0.4920352030565343,
                0.4165773498127901,
                0.4639514199173215,
                0.4912548346148014,
                0.4554269464445637,
                0.4669016745247767
            ]
        ]
    },
    "SMAC": {
        "rmse": [
            0.3831616916254112
        ],
        "r2": [
            -0.4095595713698288
        ],
        "nll": [
            0.9764437007927315
        ],
        "mace": [
            0.28512121212121216
        ],
        "sharpness": [
            0.011071221946832716
        ],
        "observed_coverage": [
            0.3
        ],
        "regret": [
            0.6417765099112371
        ],
        "y_pred": [
            [
                0.48293731283792163,
                0.48293731283792163,
                0.48293731283792163,
                0.48293731283792163,
                0.48293731283792163,
                0.48293731283792163,
                0.48293731283792163,
                0.48293731283792163,
                0.48293731283792163,
                0.48293731283792163
            ]
        ],
        "y_std": [
            [
                0.011071221946832714,
                0.011071221946832714,
                0.011071221946832714,
                0.011071221946832714,
                0.011071221946832714,
                0.011071221946832714,
                0.011071221946832714,
                0.011071221946832714,
                0.011071221946832714,
                0.011071221946832714
            ]
        ],
        "y_true": [
            [
                0.4824777606181818,
                0.5038452019834738,
                0.4587511221438413,
                0.41791077984276054,
                0.4920352030565343,
                0.4165773498127901,
                0.4639514199173215,
                0.4912548346148014,
                0.4554269464445637,
                0.4669016745247767
            ]
        ]
    },
    "LLAMBO": {
        "rmse": [
            0.3285062610732929
        ],
        "r2": [
            -0.03611168972808865
        ],
        "nll": [
            -1.5300983484636952
        ],
        "mace": [
            0.24412121212121213
        ],
        "sharpness": [
            0.01162719896736269
        ],
        "observed_coverage": [
            0.3
        ],
        "regret": [
            0.4613562343603618
        ],
        "y_pred": [
            [
                0.4824780000000001,
                0.46186804000000004,
                0.45875099999999996,
                0.44854214,
                0.4771135,
                0.44891722,
                0.44530646000000007,
                0.45469854,
                0.45467212,
                0.51754858
            ]
        ],
        "y_std": [
            [
                1e-05,
                0.014096698438939523,
                1e-05,
                0.009170471505893249,
                0.012533532509631911,
                0.014451073817941695,
                0.01053638858662682,
                0.016298512900519483,
                0.015749744416516734,
                0.00885824337459747
            ]
        ],
        "y_true": [
            [
                0.4824777606181818,
                0.5038452019834738,
                0.4587511221438413,
                0.41791077984276054,
                0.4920352030565343,
                0.4165773498127901,
                0.4639514199173215,
                0.4912548346148014,
                0.4554269464445637,
                0.4669016745247767
            ]
        ],
        "llm_query_cost": [
            0.042175
        ],
        "llm_query_time": [
            5.095144033432007
        ]
    },
    "LLAMBO_VANILLA": {
        "rmse": [
            0.3323039961473477
        ],
        "r2": [
            -0.06020634472113051
        ],
        "nll": [
            2.248277132547247
        ],
        "mace": [
            0.2061212121212121
        ],
        "sharpness": [
            0.008552727067666781
        ],
        "observed_coverage": [
            0.4
        ],
        "regret": [
            0.012985716786688827
        ],
        "y_pred": [
            [
                0.4824780000000001,
                0.46016709999999994,
                0.4587510000000001,
                0.44085649999999993,
                0.4844292000000001,
                0.4480046,
                0.443312,
                0.4490362,
                0.457571,
                0.5190254000000001
            ]
        ],
        "y_std": [
            [
                1e-05,
                0.008913276215286954,
                1e-05,
                0.013207741814935664,
                0.011709962730939836,
                0.007485956093913462,
                0.008474790640481924,
                0.006982923639851723,
                0.01090049406219737,
                0.006710695242670453
            ]
        ],
        "y_true": [
            [
                0.4824777606181818,
                0.5038452019834738,
                0.4587511221438413,
                0.41791077984276054,
                0.4920352030565343,
                0.4165773498127901,
                0.4639514199173215,
                0.4912548346148014,
                0.4554269464445637,
                0.4669016745247767
            ]
        ],
        "llm_query_cost": [
            0.008435000000000003
        ],
        "llm_query_time": [
            3.187924385070801
        ]
    }
}