{
    "GP": {
        "rmse": [
            0.31622776601683794
        ],
        "r2": [
            -0.11111111111112604
        ],
        "nll": [
            6.6754344691275564
        ],
        "mace": [
            0.3306161616161617
        ],
        "sharpness": [
            316.22776601683796
        ],
        "observed_coverage": [
            0.8
        ],
        "regret": [
            2.3569737684170903e-36
        ],
        "y_pred": [
            [
                0.0,
                0.0,
                0.0,
                0.0,
                0.0,
                0.0,
                0.0,
                0.0,
                0.0,
                0.0
            ]
        ],
        "y_std": [
            [
                316.22776601683796,
                316.22776601683796,
                316.22776601683796,
                316.22776601683796,
                316.22776601683796,
                316.22776601683796,
                316.22776601683796,
                316.22776601683796,
                316.22776601683796,
                316.22776601683796
            ]
        ],
        "y_true": [
            [
                1.2081301177449881,
                2.628690971984977e+35,
                5.306291409851612,
                2.6366556898309335,
                0.5885545511206466,
                1.3691856284577777,
                2.537061758723544,
                1.3675000003305418,
                1.5661737850381995e+22,
                2.4554909757618755
            ]
        ]
    },
    "SMAC": {
        "rmse": [
            0.3097789461485015
        ],
        "r2": [
            -0.06625550529863866
        ],
        "nll": [
            79.43160370446564
        ],
        "mace": [
            0.3826666666666667
        ],
        "sharpness": [
            3.9361939162457457e+33
        ],
        "observed_coverage": [
            0.0
        ],
        "regret": [
            2.3569737684170903e-36
        ],
        "y_pred": [
            [
                5.98804386435287e+33,
                5.98804386435287e+33,
                5.98804386435287e+33,
                5.98804386435287e+33,
                5.98804386435287e+33,
                5.98804386435287e+33,
                5.98804386435287e+33,
                5.98804386435287e+33,
                5.98804386435287e+33,
                5.98804386435287e+33
            ]
        ],
        "y_std": [
            [
                3.936193916245746e+33,
                3.936193916245746e+33,
                3.936193916245746e+33,
                3.936193916245746e+33,
                3.936193916245746e+33,
                3.936193916245746e+33,
                3.936193916245746e+33,
                3.936193916245746e+33,
                3.936193916245746e+33,
                3.936193916245746e+33
            ]
        ],
        "y_true": [
            [
                1.2081301177449881,
                2.628690971984977e+35,
                5.306291409851612,
                2.6366556898309335,
                0.5885545511206466,
                1.3691856284577777,
                2.537061758723544,
                1.3675000003305418,
                1.5661737850381995e+22,
                2.4554909757618755
            ]
        ]
    },
    "LLAMBO": {
        "rmse": [
            0.31622776601683794
        ],
        "r2": [
            -0.11111111111112604
        ],
        "nll": [
            5.350256782717648
        ],
        "mace": [
            0.4160000000000001
        ],
        "sharpness": [
            0.5854534300345048
        ],
        "observed_coverage": [
            0.1
        ],
        "regret": [
            2.3569737684170903e-36
        ],
        "y_pred": [
            [
                0.38956666666666667,
                0.86555,
                0.9796750000000001,
                1.0360749999999999,
                0.9566666666666666,
                0.8685666666666667,
                1.180375,
                0.5509,
                0.54905,
                1.22
            ]
        ],
        "y_std": [
            [
                0.5165065751974725,
                0.34445,
                0.22153513688577708,
                0.245484046070208,
                0.27341462205879835,
                0.26769032274045484,
                1.6514532757165736,
                0.22196761024978395,
                0.09905,
                1e-05
            ]
        ],
        "y_true": [
            [
                1.2081301177449881,
                2.628690971984977e+35,
                5.306291409851612,
                2.6366556898309335,
                0.5885545511206466,
                1.3691856284577777,
                2.537061758723544,
                1.3675000003305418,
                1.5661737850381995e+22,
                2.4554909757618755
            ]
        ],
        "llm_query_cost": [
            0.0013999999999999996
        ],
        "llm_query_time": [
            17.789204597473145
        ]
    },
    "LLAMBO_VANILLA": {
        "rmse": [
            0.31622776601683794
        ],
        "r2": [
            -0.11111111111112604
        ],
        "nll": [
            NaN
        ],
        "mace": [
            0.49
        ],
        "sharpness": [
            1e-05
        ],
        "observed_coverage": [
            0.0
        ],
        "regret": [
            7.791334776653966e-36
        ],
        "y_pred": [
            [
                1.5281500000000001,
                1.22,
                1.22,
                1.1861,
                1.5281500000000001,
                1.21,
                3.1228,
                1.21,
                1.5281500000000001,
                1.5281500000000001
            ]
        ],
        "y_std": [
            [
                1e-05,
                1e-05,
                1e-05,
                1e-05,
                1e-05,
                1e-05,
                1e-05,
                1e-05,
                1e-05,
                1e-05
            ]
        ],
        "y_true": [
            [
                1.2081301177449881,
                2.628690971984977e+35,
                5.306291409851612,
                2.6366556898309335,
                0.5885545511206466,
                1.3691856284577777,
                2.537061758723544,
                1.3675000003305418,
                1.5661737850381995e+22,
                2.4554909757618755
            ]
        ],
        "llm_query_cost": [
            0.00028
        ],
        "llm_query_time": [
            3.2067432403564453
        ]
    }
}