{"llm_query_cost_breakdown": [0, 0.013101999999999999, 0.014220000000000003, 0.01535, 0.016467, 0.017585999999999997, 0.018699999999999994, 0.019826000000000003, 0.02096, 0.022074000000000003, 0.023202000000000004, 0.024321999999999996, 0.025434000000000002, 0.026559999999999997, 0.027678, 0.028798000000000004, 0.029927999999999996, 0.031068000000000005, 0.032189999999999996, 0.03329, 0.034434000000000006], "llm_query_time_breakdown": [0.3289663791656494, 3.247393846511841, 2.663315773010254, 4.434149980545044, 8.277145147323608, 37.216954946517944, 6.532272815704346, 3.2924585342407227, 2.938750982284546, 48.02198934555054, 2.6263837814331055, 2.4959514141082764, 55.522059202194214, 2.667970657348633, 56.036648750305176, 2.773066997528076, 56.174108028411865, 2.7491352558135986, 57.03436517715454, 3.0870156288146973, 56.79784631729126], "llm_query_cost": 0.475189, "llm_query_time": 414.91794896125793}