{"llm_query_cost_breakdown": [0, 0.010695, 0.011531000000000001, 0.013578, 0.014502000000000003, 0.015425999999999999, 0.016350000000000003, 0.017273999999999998, 0.016579, 0.019122000000000004, 0.016472, 0.019099, 0.019939, 0.020779, 0.021611000000000005, 0.022451000000000002, 0.020991999999999997, 0.021764, 0.020037, 0.025811, 0.021381000000000004], "llm_query_time_breakdown": [2.114213466644287, 3.537102222442627, 2.463324546813965, 2.5292792320251465, 2.7759153842926025, 2.7529876232147217, 2.6988532543182373, 40.20583128929138, 2.4236836433410645, 3.453719139099121, 3.5328433513641357, 2.2152202129364014, 48.35620141029358, 2.629643201828003, 2.2521169185638428, 2.680260181427002, 50.86924409866333, 2.899454116821289, 2.756826400756836, 50.085166215896606, 2.2944490909576416], "llm_query_cost": 0.3653930000000001, "llm_query_time": 235.52633500099182}