{"llm_query_cost_breakdown": [0, 0.000392, 0.000392, 0.000392, 0.000392, 0.0005985000000000001, 0.000392, 0.000392, 0.000392, 0.000392, 0.000392], "llm_query_time_breakdown": [2.2608373165130615, 5.577756643295288, 5.426921367645264, 5.3931756019592285, 5.4973766803741455, 6.676528453826904, 6.373993873596191, 5.926437139511108, 6.314787864685059, 6.987942934036255, 6.790240049362183], "llm_query_cost": 0.0041265, "llm_query_time": 63.22599792480469}