{
    "GP": {
        "rmse": [
            2.110548492207636
        ],
        "r2": [
            -52.213491254169554
        ],
        "nll": [
            -1.6000062334033847
        ],
        "mace": [
            0.12790909090909094
        ],
        "sharpness": [
            0.11938416247754316
        ],
        "observed_coverage": [
            0.5
        ],
        "regret": [
            0.9252983320043029
        ],
        "y_pred": [
            [
                0.597201941585524,
                0.5908938781462447,
                0.09561439579470264,
                0.5831748503689508,
                0.5772737278273546,
                0.6004190498034581,
                0.5925608182857528,
                0.5578759719976584,
                0.6219402417485012,
                0.595241849264569
            ]
        ],
        "y_std": [
            [
                0.006582645085201032,
                0.0025142838964871067,
                0.37321819678514695,
                0.009843299109596203,
                0.011976878747850658,
                1e-05,
                0.024708647913104922,
                0.04474529005953031,
                0.011998884537688518,
                0.013687201942032417
            ]
        ],
        "y_true": [
            [
                0.5989350333501171,
                0.6048290000508426,
                0.607022553002303,
                0.5963586142327316,
                0.5720144962542236,
                0.6004190498035018,
                0.5294775865697199,
                0.5946681786728995,
                0.5995070944372737,
                0.6042128375662161
            ]
        ]
    },
    "SMAC": {
        "rmse": [
            0.2873481182315521
        ],
        "r2": [
            0.01361195944014948
        ],
        "nll": [
            -2.384608046256311
        ],
        "mace": [
            0.0986666666666667
        ],
        "sharpness": [
            0.014603158661241405
        ],
        "observed_coverage": [
            0.7
        ],
        "regret": [
            0.8917716554703954
        ],
        "y_pred": [
            [
                0.5885351227209211,
                0.5885351227209211,
                0.5945659379712501,
                0.5879973651039245,
                0.5895496817857346,
                0.5947486813063484,
                0.5909172770116834,
                0.5979403241233041,
                0.6039578695951082,
                0.589335353000812
            ]
        ],
        "y_std": [
            [
                0.012990678401099317,
                0.012990678401099317,
                0.01686156258948567,
                0.014639647377657432,
                0.015172161303418596,
                0.012265698187129703,
                0.016427095215153394,
                0.01660208034278827,
                0.004569017839813789,
                0.01869168602185658
            ]
        ],
        "y_true": [
            [
                0.5989350333501171,
                0.6048290000508426,
                0.607022553002303,
                0.5963586142327316,
                0.5720144962542236,
                0.6004190498035018,
                0.5294775865697199,
                0.5946681786728995,
                0.5995070944372737,
                0.6042128375662161
            ]
        ]
    },
    "LLAMBO": {
        "rmse": [
            0.15389994759971784
        ],
        "r2": [
            0.7170510887574768
        ],
        "nll": [
            7.026678139905412
        ],
        "mace": [
            0.24800000000000005
        ],
        "sharpness": [
            0.010531165177699956
        ],
        "observed_coverage": [
            0.3
        ],
        "regret": [
            0.0
        ],
        "y_pred": [
            [
                0.58772,
                0.58674,
                0.5974,
                0.6034,
                0.59218,
                0.5969000000000001,
                0.5409999999999999,
                0.6075600000000001,
                0.6009,
                0.61466
            ]
        ],
        "y_std": [
            [
                0.004358164751360396,
                0.006113787696673824,
                0.012920990674093072,
                0.006814396525004984,
                0.001485126257258956,
                0.001781010948871462,
                0.02572617344262456,
                0.008676543090424886,
                0.009525754563287876,
                0.0024613817257792036
            ]
        ],
        "y_true": [
            [
                0.5989350333501171,
                0.6048290000508426,
                0.607022553002303,
                0.5963586142327316,
                0.5720144962542236,
                0.6004190498035018,
                0.5294775865697199,
                0.5946681786728995,
                0.5995070944372737,
                0.6042128375662161
            ]
        ],
        "llm_query_cost": [
            0.0013999999999999996
        ],
        "llm_query_time": [
            22.244266986846924
        ]
    },
    "LLAMBO_VANILLA": {
        "rmse": [
            0.18621844656499206
        ],
        "r2": [
            0.5857366793064182
        ],
        "nll": [
            NaN
        ],
        "mace": [
            0.49
        ],
        "sharpness": [
            1e-05
        ],
        "observed_coverage": [
            0.0
        ],
        "regret": [
            0.0
        ],
        "y_pred": [
            [
                0.5809,
                0.5809,
                0.6219,
                0.6048,
                0.5915,
                0.5961,
                0.5236,
                0.6051,
                0.61,
                0.6198
            ]
        ],
        "y_std": [
            [
                1e-05,
                1e-05,
                1e-05,
                1e-05,
                1e-05,
                1e-05,
                1e-05,
                1e-05,
                1e-05,
                1e-05
            ]
        ],
        "y_true": [
            [
                0.5989350333501171,
                0.6048290000508426,
                0.607022553002303,
                0.5963586142327316,
                0.5720144962542236,
                0.6004190498035018,
                0.5294775865697199,
                0.5946681786728995,
                0.5995070944372737,
                0.6042128375662161
            ]
        ],
        "llm_query_cost": [
            0.00028
        ],
        "llm_query_time": [
            3.498072624206543
        ]
    }
}