{
    "GP": {
        "rmse": [
            1.818317644838097
        ],
        "r2": [
            -38.49758928212274
        ],
        "nll": [
            -4.147817540597193
        ],
        "mace": [
            0.16582828282828285
        ],
        "sharpness": [
            0.09288494767686312
        ],
        "observed_coverage": [
            0.5
        ],
        "regret": [
            0.9252983320043029
        ],
        "y_pred": [
            [
                0.6148760024581179,
                0.5949896215919068,
                0.1722953139757486,
                0.5807796438450907,
                0.5836102027415109,
                0.6004190498034916,
                0.6248441678494459,
                0.596469266380268,
                0.5995070944372713,
                0.6042128375662372
            ]
        ],
        "y_std": [
            [
                0.007912468617975054,
                0.003745196247822622,
                0.2874920504188838,
                0.011222900800382971,
                0.017907082282188454,
                1e-05,
                0.04080917988225366,
                0.037892159872701864,
                1e-05,
                1e-05
            ]
        ],
        "y_true": [
            [
                0.5989350333501171,
                0.6048290000508426,
                0.607022553002303,
                0.5963586142327316,
                0.5720144962542236,
                0.6004190498035018,
                0.5294775865697199,
                0.5946681786728995,
                0.5995070944372737,
                0.6042128375662161
            ]
        ]
    },
    "SMAC": {
        "rmse": [
            0.31473409077800185
        ],
        "r2": [
            -0.18336482616416672
        ],
        "nll": [
            0.048494224230896686
        ],
        "mace": [
            0.07904040404040404
        ],
        "sharpness": [
            0.009652004286917064
        ],
        "observed_coverage": [
            0.8
        ],
        "regret": [
            0.9252983320043029
        ],
        "y_pred": [
            [
                0.6020913190861518,
                0.6015296493125792,
                0.5928305772127628,
                0.5943517163335579,
                0.6039566432118297,
                0.6029194008667714,
                0.5976266779958989,
                0.5964930475789605,
                0.6029828725569829,
                0.5975795832605344
            ]
        ],
        "y_std": [
            [
                0.0055451698476860775,
                0.005609423569250466,
                0.015148222936581284,
                0.007309513886950489,
                0.004892604130376946,
                0.004803092757378511,
                0.011624635396856164,
                0.01479658560453919,
                0.00426155580920043,
                0.01293292109069038
            ]
        ],
        "y_true": [
            [
                0.5989350333501171,
                0.6048290000508426,
                0.607022553002303,
                0.5963586142327316,
                0.5720144962542236,
                0.6004190498035018,
                0.5294775865697199,
                0.5946681786728995,
                0.5995070944372737,
                0.6042128375662161
            ]
        ]
    },
    "LLAMBO": {
        "rmse": [
            0.29057123687529707
        ],
        "r2": [
            -0.00864032564114181
        ],
        "nll": [
            13.519750836490605
        ],
        "mace": [
            0.336
        ],
        "sharpness": [
            0.002770416885997908
        ],
        "observed_coverage": [
            0.2
        ],
        "regret": [
            0.0
        ],
        "y_pred": [
            [
                0.59734,
                0.59338,
                0.597275,
                0.59736,
                0.59735,
                0.5977333333333333,
                0.5938,
                0.59588,
                0.5958,
                0.59745
            ]
        ],
        "y_std": [
            [
                0.0011447270417003577,
                0.0041925648474412745,
                0.0013899190623917934,
                0.0011253443917308196,
                0.002653770901943145,
                0.0013274871834493174,
                0.00465403051128807,
                0.0031707412382596203,
                0.0035404801934201236,
                0.0012698425099200523
            ]
        ],
        "y_true": [
            [
                0.5989350333501171,
                0.6048290000508426,
                0.607022553002303,
                0.5963586142327316,
                0.5720144962542236,
                0.6004190498035018,
                0.5294775865697199,
                0.5946681786728995,
                0.5995070944372737,
                0.6042128375662161
            ]
        ],
        "llm_query_cost": [
            0.0013999999999999996
        ],
        "llm_query_time": [
            37.39276719093323
        ]
    },
    "LLAMBO_VANILLA": {
        "rmse": [
            0.27460008325257246
        ],
        "r2": [
            0.09919163097517125
        ],
        "nll": [
            NaN
        ],
        "mace": [
            0.49
        ],
        "sharpness": [
            1e-05
        ],
        "observed_coverage": [
            0.0
        ],
        "regret": [
            0.8287947317258038
        ],
        "y_pred": [
            [
                0.593,
                0.5968,
                0.593,
                0.593,
                0.59,
                0.5974,
                0.59,
                0.59,
                0.5968,
                0.59
            ]
        ],
        "y_std": [
            [
                1e-05,
                1e-05,
                1e-05,
                1e-05,
                1e-05,
                1e-05,
                1e-05,
                1e-05,
                1e-05,
                1e-05
            ]
        ],
        "y_true": [
            [
                0.5989350333501171,
                0.6048290000508426,
                0.607022553002303,
                0.5963586142327316,
                0.5720144962542236,
                0.6004190498035018,
                0.5294775865697199,
                0.5946681786728995,
                0.5995070944372737,
                0.6042128375662161
            ]
        ],
        "llm_query_cost": [
            0.00028
        ],
        "llm_query_time": [
            4.2184083461761475
        ]
    }
}