{
    "GP": {
        "rmse": [
            1.2573054841148443
        ],
        "r2": [
            -17.88481361820536
        ],
        "nll": [
            -1.2336637558595567
        ],
        "mace": [
            0.22343434343434343
        ],
        "sharpness": [
            0.06954258979832763
        ],
        "observed_coverage": [
            0.3
        ],
        "regret": [
            0.9430280641569747
        ],
        "y_pred": [
            [
                0.6047841002879185,
                0.5889383682987079,
                0.31400064621547724,
                0.5777627114595242,
                0.5808685385994483,
                0.6004190498034884,
                0.6175016689162725,
                0.5984610890476323,
                0.6223015157542897,
                0.5899628050353082
            ]
        ],
        "y_std": [
            [
                0.0036254426157690213,
                0.003469130802828455,
                0.2173322445409042,
                0.009227066848387668,
                0.01067861018118835,
                1e-05,
                0.018701351482930076,
                0.016975826903708323,
                0.011070103047930243,
                0.011983185421202672
            ]
        ],
        "y_true": [
            [
                0.5989350333501171,
                0.6048290000508426,
                0.607022553002303,
                0.5963586142327316,
                0.5720144962542236,
                0.6004190498035018,
                0.5294775865697199,
                0.5946681786728995,
                0.5995070944372737,
                0.6042128375662161
            ]
        ]
    },
    "SMAC": {
        "rmse": [
            0.306466353948789
        ],
        "r2": [
            -0.12200989328589507
        ],
        "nll": [
            5.746945130325889
        ],
        "mace": [
            0.08006060606060611
        ],
        "sharpness": [
            0.0052957993866301805
        ],
        "observed_coverage": [
            0.5
        ],
        "regret": [
            0.8446753489222213
        ],
        "y_pred": [
            [
                0.598581187208,
                0.598581187208,
                0.598581187208,
                0.598581187208,
                0.598581187208,
                0.598581187208,
                0.598581187208,
                0.598581187208,
                0.598581187208,
                0.598581187208
            ]
        ],
        "y_std": [
            [
                0.0052957993866301805,
                0.0052957993866301805,
                0.0052957993866301805,
                0.0052957993866301805,
                0.0052957993866301805,
                0.0052957993866301805,
                0.0052957993866301805,
                0.0052957993866301805,
                0.0052957993866301805,
                0.0052957993866301805
            ]
        ],
        "y_true": [
            [
                0.5989350333501171,
                0.6048290000508426,
                0.607022553002303,
                0.5963586142327316,
                0.5720144962542236,
                0.6004190498035018,
                0.5294775865697199,
                0.5946681786728995,
                0.5995070944372737,
                0.6042128375662161
            ]
        ]
    },
    "LLAMBO": {
        "rmse": [
            0.23262234278885638
        ],
        "r2": [
            0.3535514974198375
        ],
        "nll": [
            -2.987249040169634
        ],
        "mace": [
            0.0714949494949495
        ],
        "sharpness": [
            0.015532183362296495
        ],
        "observed_coverage": [
            0.7
        ],
        "regret": [
            0.0
        ],
        "y_pred": [
            [
                0.5889800000000001,
                0.59042,
                0.5932000000000001,
                0.59196,
                0.59144,
                0.5944200000000001,
                0.5748599999999999,
                0.6064800000000001,
                0.59398,
                0.6138999999999999
            ]
        ],
        "y_std": [
            [
                0.011394103738337666,
                0.011818697051705828,
                0.022244729712900535,
                0.01175016595627484,
                0.015343741395109588,
                0.007869027894219243,
                0.0016304600577750903,
                0.02243607808865,
                0.017334058959170513,
                0.020155098610525325
            ]
        ],
        "y_true": [
            [
                0.5989350333501171,
                0.6048290000508426,
                0.607022553002303,
                0.5963586142327316,
                0.5720144962542236,
                0.6004190498035018,
                0.5294775865697199,
                0.5946681786728995,
                0.5995070944372737,
                0.6042128375662161
            ]
        ],
        "llm_query_cost": [
            0.0013999999999999996
        ],
        "llm_query_time": [
            16.972763776779175
        ]
    },
    "LLAMBO_VANILLA": {
        "rmse": [
            0.27242054769232055
        ],
        "r2": [
            0.11343454158095356
        ],
        "nll": [
            35.898264711497525
        ],
        "mace": [
            0.48499999999999993
        ],
        "sharpness": [
            1e-05
        ],
        "observed_coverage": [
            0.0
        ],
        "regret": [
            0.0
        ],
        "y_pred": [
            [
                0.5988,
                0.5948,
                0.6129,
                0.6017,
                0.6123,
                0.6004,
                0.5762,
                0.6132,
                0.6058,
                0.6147
            ]
        ],
        "y_std": [
            [
                1e-05,
                1e-05,
                1e-05,
                1e-05,
                1e-05,
                1e-05,
                1e-05,
                1e-05,
                1e-05,
                1e-05
            ]
        ],
        "y_true": [
            [
                0.5989350333501171,
                0.6048290000508426,
                0.607022553002303,
                0.5963586142327316,
                0.5720144962542236,
                0.6004190498035018,
                0.5294775865697199,
                0.5946681786728995,
                0.5995070944372737,
                0.6042128375662161
            ]
        ],
        "llm_query_cost": [
            0.00028
        ],
        "llm_query_time": [
            3.118116855621338
        ]
    }
}