{
    "GP": {
        "rmse": [
            2.884361869293606
        ],
        "r2": [
            -88.69602929912433
        ],
        "nll": [
            2.6749459188398075
        ],
        "mace": [
            0.0920707070707071
        ],
        "sharpness": [
            2.783314687653942
        ],
        "observed_coverage": [
            0.7
        ],
        "regret": [
            0.0015221212443160294
        ],
        "y_pred": [
            [
                -0.18364016881412937,
                4.8591447435551665,
                -0.29007903999919193,
                -0.198222765586209,
                7.291035125364219,
                0.6235044511150711,
                -0.04565339588376105,
                4.045745024578014,
                0.5389849790840486,
                -0.022409579469261587
            ]
        ],
        "y_std": [
            [
                6.227099776712786,
                1.778627583535726,
                1.6071884615947711,
                1.117291075141413,
                1.4756090102765307,
                1.5278488482605954,
                4.421644017260792,
                2.584202217561343,
                0.04462162521738963,
                0.9767049897345463
            ]
        ],
        "y_true": [
            [
                0.5285810055744485,
                0.8180823113279191,
                1.2410294450666273,
                0.8186427541137253,
                0.7587016027194562,
                0.6200823900697129,
                0.6924031458051964,
                1.4272230235182448,
                0.5035938261135736,
                0.8043209984948324
            ]
        ]
    },
    "SMAC": {
        "rmse": [
            2.8184198379615286
        ],
        "r2": [
            -84.6416647491419
        ],
        "nll": [
            2.001331357653803
        ],
        "mace": [
            0.08962626262626262
        ],
        "sharpness": [
            3.001056990890147
        ],
        "observed_coverage": [
            0.8
        ],
        "regret": [
            0.019191548492253515
        ],
        "y_pred": [
            [
                0.9197641384227593,
                4.84535252479914,
                4.847754200648176,
                3.011000280462543,
                4.84535252479914,
                0.9358660116072105,
                0.9197641384227593,
                4.84535252479914,
                0.9197641384227593,
                3.011000280462543
            ]
        ],
        "y_std": [
            [
                1.0658179136734347,
                3.731646801669272,
                3.7286107201688243,
                3.863454747595822,
                3.731646801669272,
                1.0605944169001935,
                1.0658179136734347,
                3.731646801669272,
                1.0658179136734347,
                3.863454747595822
            ]
        ],
        "y_true": [
            [
                0.5285810055744485,
                0.8180823113279191,
                1.2410294450666273,
                0.8186427541137253,
                0.7587016027194562,
                0.6200823900697129,
                0.6924031458051964,
                1.4272230235182448,
                0.5035938261135736,
                0.8043209984948324
            ]
        ]
    },
    "LLAMBO": {
        "rmse": [
            4.138688677201717
        ],
        "r2": [
            -183.67123111459912
        ],
        "nll": [
            2.274855176041437
        ],
        "mace": [
            0.17836363636363634
        ],
        "sharpness": [
            1.9002399543926913
        ],
        "observed_coverage": [
            0.7
        ],
        "regret": [
            0.04492169369021214
        ],
        "y_pred": [
            [
                0.51851408,
                1.4487731599999998,
                1.6245032199999998,
                0.84619716,
                12.8225457,
                0.52750138,
                0.7802237799999999,
                1.5795031400000001,
                0.48377134,
                0.7610643
            ]
        ],
        "y_std": [
            [
                0.11398882214933885,
                1.866302576097674,
                2.3039143257145245,
                0.21400097026615184,
                4.84041602229423,
                0.05396433421655084,
                0.5941407985542582,
                1.8597251009674631,
                0.003119690168013481,
                0.12285177931186018
            ]
        ],
        "y_true": [
            [
                0.5285810055744485,
                0.8180823113279191,
                1.2410294450666273,
                0.8186427541137253,
                0.7587016027194562,
                0.6200823900697129,
                0.6924031458051964,
                1.4272230235182448,
                0.5035938261135736,
                0.8043209984948324
            ]
        ],
        "llm_query_cost": [
            0.03647500000000001
        ],
        "llm_query_time": [
            5.058329105377197
        ]
    },
    "LLAMBO_VANILLA": {
        "rmse": [
            2.672807898386595
        ],
        "r2": [
            -76.02101165441148
        ],
        "nll": [
            5.763491621701428
        ],
        "mace": [
            0.13480808080808082
        ],
        "sharpness": [
            1.3947984893417256
        ],
        "observed_coverage": [
            0.6
        ],
        "regret": [
            0.04492169369021214
        ],
        "y_pred": [
            [
                0.5081091000000001,
                0.6743022,
                1.8155306,
                0.8436098000000001,
                8.5099675,
                0.4915207,
                1.3102788,
                1.7603594999999999,
                0.48258039999999996,
                0.7851294
            ]
        ],
        "y_std": [
            [
                0.0509754868077785,
                0.052630171264779306,
                3.2426888519593797,
                0.12529482152012508,
                1.2853876170190257,
                0.022991883911719812,
                1.2733317425869661,
                2.3751898294552483,
                0.0027764806932518084,
                0.053590357450198065
            ]
        ],
        "y_true": [
            [
                0.5285810055744485,
                0.8180823113279191,
                1.2410294450666273,
                0.8186427541137253,
                0.7587016027194562,
                0.6200823900697129,
                0.6924031458051964,
                1.4272230235182448,
                0.5035938261135736,
                0.8043209984948324
            ]
        ],
        "llm_query_cost": [
            0.007295000000000001
        ],
        "llm_query_time": [
            1.5055930614471436
        ]
    }
}