{
    "GP": {
        "rmse": [
            1.7182679492549253
        ],
        "r2": [
            -30.831382791085247
        ],
        "nll": [
            2.4522490464044244
        ],
        "mace": [
            0.39899999999999997
        ],
        "sharpness": [
            5.924291688146386
        ],
        "observed_coverage": [
            1.0
        ],
        "regret": [
            0.0009691594267040347
        ],
        "y_pred": [
            [
                0.2074971085366093,
                0.7095801323705083,
                1.7816178271250807,
                0.5424402396363116,
                5.703213079356262,
                0.2824620481226367,
                0.7227817351984162,
                1.1126071344396817,
                0.5150963481103246,
                0.6007859875988817
            ]
        ],
        "y_std": [
            [
                7.223115695929329,
                7.193366088995093,
                6.559882298584433,
                6.106271411955761,
                5.050777447106861,
                6.07428991185705,
                3.9257640290763853,
                7.597159565758032,
                0.2633101934642532,
                5.579485459835542
            ]
        ],
        "y_true": [
            [
                0.5285810055744485,
                0.8180823113279191,
                1.2410294450666273,
                0.8186427541137253,
                0.7587016027194562,
                0.6200823900697129,
                0.6924031458051964,
                1.4272230235182448,
                0.5035938261135736,
                0.8043209984948324
            ]
        ]
    },
    "SMAC": {
        "rmse": [
            3.4724168431069944
        ],
        "r2": [
            -128.99822871969684
        ],
        "nll": [
            1.8432816959435983
        ],
        "mace": [
            0.1692020202020202
        ],
        "sharpness": [
            4.2995089960297275
        ],
        "observed_coverage": [
            0.9
        ],
        "regret": [
            0.012219571997809495
        ],
        "y_pred": [
            [
                1.026512369583514,
                1.109800833693527,
                4.06065064222823,
                4.060363054507859,
                9.091401847983093,
                2.5518041712936586,
                1.0933479265321941,
                1.109800833693527,
                0.7088837093010082,
                4.060363054507859
            ]
        ],
        "y_std": [
            [
                1.035819174598483,
                0.993145800498632,
                6.289705387145744,
                6.289873092298034,
                7.269222997838654,
                3.027504108989029,
                1.0038522686862656,
                0.993145800498632,
                0.3341753338074111,
                6.289873092298034
            ]
        ],
        "y_true": [
            [
                0.5285810055744485,
                0.8180823113279191,
                1.2410294450666273,
                0.8186427541137253,
                0.7587016027194562,
                0.6200823900697129,
                0.6924031458051964,
                1.4272230235182448,
                0.5035938261135736,
                0.8043209984948324
            ]
        ]
    },
    "LLAMBO": {
        "rmse": [
            4.76007951001534
        ],
        "r2": [
            -243.28800381176555
        ],
        "nll": [
            0.052421112709111206
        ],
        "mace": [
            0.08769696969696973
        ],
        "sharpness": [
            3.1963386275584043
        ],
        "observed_coverage": [
            0.5
        ],
        "regret": [
            0.009894678465419764
        ],
        "y_pred": [
            [
                0.48974684,
                1.20191308,
                1.73289056,
                0.9354326199999999,
                14.6467433,
                0.5416909000000001,
                0.62432018,
                1.37121924,
                0.48635298000000005,
                0.79643972
            ]
        ],
        "y_std": [
            [
                0.021631968482188572,
                1.3621565856311946,
                1.6787225002457216,
                0.36802004551963696,
                9.756975019222939,
                0.04378637350877554,
                0.06767925266747263,
                1.4655061631660176,
                0.014397734998936464,
                0.057834808785381144
            ]
        ],
        "y_true": [
            [
                0.5285810055744485,
                0.8180823113279191,
                1.2410294450666273,
                0.8186427541137253,
                0.7587016027194562,
                0.6200823900697129,
                0.6924031458051964,
                1.4272230235182448,
                0.5035938261135736,
                0.8043209984948324
            ]
        ],
        "llm_query_cost": [
            0.057475
        ],
        "llm_query_time": [
            5.089613914489746
        ]
    },
    "LLAMBO_VANILLA": {
        "rmse": [
            5.229254697565046
        ],
        "r2": [
            -293.81753934900235
        ],
        "nll": [
            2.8362742554306757
        ],
        "mace": [
            0.18700000000000006
        ],
        "sharpness": [
            1.7537976539613969
        ],
        "observed_coverage": [
            0.4
        ],
        "regret": [
            0.02860237518263102
        ],
        "y_pred": [
            [
                0.48700869999999996,
                1.381627,
                1.7169681,
                0.9503411999999999,
                16.0133029,
                0.5489984,
                0.6152331999999999,
                1.4145223999999998,
                0.4852786,
                0.8368722
            ]
        ],
        "y_std": [
            [
                0.0113557423099505,
                1.2805756037555145,
                2.205364034563611,
                0.15951840833571532,
                4.579220336261566,
                0.03259485237334262,
                0.0435363836389749,
                1.8044741178519685,
                0.002829662495775777,
                0.025120806566668992
            ]
        ],
        "y_true": [
            [
                0.5285810055744485,
                0.8180823113279191,
                1.2410294450666273,
                0.8186427541137253,
                0.7587016027194562,
                0.6200823900697129,
                0.6924031458051964,
                1.4272230235182448,
                0.5035938261135736,
                0.8043209984948324
            ]
        ],
        "llm_query_cost": [
            0.011494999999999997
        ],
        "llm_query_time": [
            54.80380940437317
        ]
    }
}