{
    "GP": {
        "rmse": [
            1.8060123422071688
        ],
        "r2": [
            -34.16536702378989
        ],
        "nll": [
            0.6663056869129731
        ],
        "mace": [
            0.38299999999999995
        ],
        "sharpness": [
            4.222340502730441
        ],
        "observed_coverage": [
            0.9
        ],
        "regret": [
            0.035824129123714854
        ],
        "y_pred": [
            [
                0.5524295785711725,
                1.6595244162235991,
                1.7368789917308376,
                0.8023239114537374,
                5.9325262217170955,
                0.32251489828131796,
                0.6924031458051967,
                1.5413749238850691,
                0.5084879032475427,
                0.8219611312321495
            ]
        ],
        "y_std": [
            [
                1.1940775930154859,
                6.275358933715534,
                5.2616185761075815,
                3.4208285340691926,
                4.139746060117979,
                4.853791497408611,
                1e-05,
                6.905088603941931,
                0.06162544658157319,
                3.11578378555037
            ]
        ],
        "y_true": [
            [
                0.5285810055744485,
                0.8180823113279191,
                1.2410294450666273,
                0.8186427541137253,
                0.7587016027194562,
                0.6200823900697129,
                0.6924031458051964,
                1.4272230235182448,
                0.5035938261135736,
                0.8043209984948324
            ]
        ]
    },
    "SMAC": {
        "rmse": [
            3.7805984931485366
        ],
        "r2": [
            -153.09723298389568
        ],
        "nll": [
            1.5144190930320989
        ],
        "mace": [
            0.17019191919191917
        ],
        "sharpness": [
            2.8065409569356516
        ],
        "observed_coverage": [
            0.9
        ],
        "regret": [
            0.012219571997809495
        ],
        "y_pred": [
            [
                0.9620105144750163,
                1.5147918098572968,
                2.4097162820799922,
                1.7497429821502073,
                11.619458443613178,
                0.7745299723847369,
                1.0628667885581498,
                1.5147918098572968,
                0.5870926418293568,
                1.7497429821502073
            ]
        ],
        "y_std": [
            [
                1.2762377103567097,
                1.6994759438838904,
                3.498792994375771,
                3.2831940428492783,
                5.991711040610562,
                0.32632148614435913,
                1.2424560563327325,
                1.6994759438838904,
                0.10217214223756162,
                3.2831940428492783
            ]
        ],
        "y_true": [
            [
                0.5285810055744485,
                0.8180823113279191,
                1.2410294450666273,
                0.8186427541137253,
                0.7587016027194562,
                0.6200823900697129,
                0.6924031458051964,
                1.4272230235182448,
                0.5035938261135736,
                0.8043209984948324
            ]
        ]
    },
    "LLAMBO": {
        "rmse": [
            3.8242280729857305
        ],
        "r2": [
            -156.67443997961843
        ],
        "nll": [
            -1.5534263893554885
        ],
        "mace": [
            0.16822222222222222
        ],
        "sharpness": [
            2.8671845933560323
        ],
        "observed_coverage": [
            0.8
        ],
        "regret": [
            0.009894678465419764
        ],
        "y_pred": [
            [
                0.5204672,
                0.9954412,
                1.4349102999999996,
                0.83596566,
                11.919561819999998,
                0.59670376,
                0.6924029999999999,
                1.0706409600000002,
                0.4889578400000001,
                0.8101046000000001
            ]
        ],
        "y_std": [
            [
                0.011283913002146026,
                1.0880402725649818,
                1.4547579522510026,
                0.06775742286587057,
                8.799246292562943,
                0.051423769360310415,
                1e-05,
                1.2133626532574335,
                0.01126897001036031,
                0.029129967939563548
            ]
        ],
        "y_true": [
            [
                0.5285810055744485,
                0.8180823113279191,
                1.2410294450666273,
                0.8186427541137253,
                0.7587016027194562,
                0.6200823900697129,
                0.6924031458051964,
                1.4272230235182448,
                0.5035938261135736,
                0.8043209984948324
            ]
        ],
        "llm_query_cost": [
            0.07847500000000002
        ],
        "llm_query_time": [
            60.060261964797974
        ]
    },
    "LLAMBO_VANILLA": {
        "rmse": [
            4.914753646410233
        ],
        "r2": [
            -259.4217384976441
        ],
        "nll": [
            0.05544529258211175
        ],
        "mace": [
            0.11334343434343434
        ],
        "sharpness": [
            1.2066235733381754
        ],
        "observed_coverage": [
            0.7
        ],
        "regret": [
            0.02860237518263102
        ],
        "y_pred": [
            [
                0.523424,
                0.9246497999999999,
                1.5268766,
                0.8332236999999999,
                15.1056375,
                0.5531454,
                0.6924029999999999,
                1.7875578,
                0.4893719999999999,
                0.8098297000000001
            ]
        ],
        "y_std": [
            [
                0.007259430928109989,
                0.4022217225592869,
                2.058104584144071,
                0.03169077473981979,
                2.390919500782,
                0.030168503079204996,
                1e-05,
                2.1078293397636254,
                0.009885863169192653,
                0.017950645749108853
            ]
        ],
        "y_true": [
            [
                0.5285810055744485,
                0.8180823113279191,
                1.2410294450666273,
                0.8186427541137253,
                0.7587016027194562,
                0.6200823900697129,
                0.6924031458051964,
                1.4272230235182448,
                0.5035938261135736,
                0.8043209984948324
            ]
        ],
        "llm_query_cost": [
            0.015695
        ],
        "llm_query_time": [
            3.7562777996063232
        ]
    }
}