{
    "GP": {
        "rmse": [
            5.736230671873414
        ],
        "r2": [
            -353.75370623806856
        ],
        "nll": [
            5.874495378857013
        ],
        "mace": [
            0.22300000000000003
        ],
        "sharpness": [
            2.68059138434044
        ],
        "observed_coverage": [
            0.3
        ],
        "regret": [
            0.0015221212443160294
        ],
        "y_pred": [
            [
                -1.6774384424321245,
                8.992515514582083,
                11.338591995612319,
                5.40350181664629,
                7.246392595791139,
                0.8197060002434454,
                0.13536400720057834,
                6.355586348346715,
                0.46737381123864263,
                5.1979541788542925
            ]
        ],
        "y_std": [
            [
                5.4556208101375265,
                2.0207159281169593,
                3.3475897452470056,
                2.228400236910771,
                0.9166508049309583,
                0.8146321832716861,
                3.4802310781448824,
                1.8383693608755072,
                0.03378559717814042,
                2.1999681066854775
            ]
        ],
        "y_true": [
            [
                0.5285810055744485,
                0.8180823113279191,
                1.2410294450666273,
                0.8186427541137253,
                0.7587016027194562,
                0.6200823900697129,
                0.6924031458051964,
                1.4272230235182448,
                0.5035938261135736,
                0.8043209984948324
            ]
        ]
    },
    "SMAC": {
        "rmse": [
            5.805220862879219
        ],
        "r2": [
            -362.3383347461188
        ],
        "nll": [
            4.366452728615121
        ],
        "mace": [
            0.4712020202020203
        ],
        "sharpness": [
            2.355530942872544
        ],
        "observed_coverage": [
            0.0
        ],
        "regret": [
            0.0015221212443160294
        ],
        "y_pred": [
            [
                6.175753831997527,
                6.175753831997527,
                6.175753831997527,
                6.175753831997527,
                6.175753831997527,
                6.175753831997527,
                6.175753831997527,
                6.175753831997527,
                6.175753831997527,
                6.175753831997527
            ]
        ],
        "y_std": [
            [
                2.3555309428725435,
                2.3555309428725435,
                2.3555309428725435,
                2.3555309428725435,
                2.3555309428725435,
                2.3555309428725435,
                2.3555309428725435,
                2.3555309428725435,
                2.3555309428725435,
                2.3555309428725435
            ]
        ],
        "y_true": [
            [
                0.5285810055744485,
                0.8180823113279191,
                1.2410294450666273,
                0.8186427541137253,
                0.7587016027194562,
                0.6200823900697129,
                0.6924031458051964,
                1.4272230235182448,
                0.5035938261135736,
                0.8043209984948324
            ]
        ]
    },
    "LLAMBO": {
        "rmse": [
            5.8379395611133535
        ],
        "r2": [
            -366.44548531336403
        ],
        "nll": [
            2.542634362405088
        ],
        "mace": [
            0.275
        ],
        "sharpness": [
            2.740896873768396
        ],
        "observed_coverage": [
            0.3
        ],
        "regret": [
            0.011501525295300892
        ],
        "y_pred": [
            [
                0.4832552400000001,
                7.024156959999999,
                8.85430328,
                4.521165679999999,
                12.67404762,
                0.53632644,
                1.9571525,
                7.08623304,
                0.48084472,
                3.0295131200000003
            ]
        ],
        "y_std": [
            [
                0.020783035533395982,
                1.9385577143258126,
                4.193903483427691,
                3.526141905398377,
                4.31887156286717,
                0.17305254575153292,
                3.0339606468237337,
                2.3948675753903133,
                0.012824286851189817,
                2.7786947443150614
            ]
        ],
        "y_true": [
            [
                0.5285810055744485,
                0.8180823113279191,
                1.2410294450666273,
                0.8186427541137253,
                0.7587016027194562,
                0.6200823900697129,
                0.6924031458051964,
                1.4272230235182448,
                0.5035938261135736,
                0.8043209984948324
            ]
        ],
        "llm_query_cost": [
            0.025974999999999995
        ],
        "llm_query_time": [
            7.168067455291748
        ]
    },
    "LLAMBO_VANILLA": {
        "rmse": [
            5.302077275110844
        ],
        "r2": [
            -302.08596977302966
        ],
        "nll": [
            2.856547269501858
        ],
        "mace": [
            0.2160404040404041
        ],
        "sharpness": [
            2.1887633240689657
        ],
        "observed_coverage": [
            0.3
        ],
        "regret": [
            0.019191548492253515
        ],
        "y_pred": [
            [
                0.48022590000000004,
                5.9583514,
                6.0586877,
                1.1593332,
                14.0306104,
                0.4721799,
                1.1203461000000001,
                5.1295485,
                0.4723509,
                0.9215516999999999
            ]
        ],
        "y_std": [
            [
                0.01108822259381547,
                3.169264874807191,
                3.929541104446143,
                1.7031902396915504,
                3.703528774857088,
                0.05633623099649107,
                0.9871216114875057,
                1.9386601079382764,
                0.013662251157477686,
                1.0334591932988986
            ]
        ],
        "y_true": [
            [
                0.5285810055744485,
                0.8180823113279191,
                1.2410294450666273,
                0.8186427541137253,
                0.7587016027194562,
                0.6200823900697129,
                0.6924031458051964,
                1.4272230235182448,
                0.5035938261135736,
                0.8043209984948324
            ]
        ],
        "llm_query_cost": [
            0.005195
        ],
        "llm_query_time": [
            1.415421485900879
        ]
    }
}