{"llm_query_cost_breakdown": [0, 0.0007000000000000001, 0.000714, 0.000714, 0.0007105, 0.000714, 0.000714, 0.0007140000000000001, 0.000721, 0.0007070000000000001, 0.0007070000000000001], "llm_query_time_breakdown": [0.23202085494995117, 8.740419149398804, 9.430816411972046, 9.040642499923706, 10.523022890090942, 11.705979108810425, 11.135710954666138, 11.046653747558594, 12.722390413284302, 13.188971281051636, 13.08314847946167], "llm_query_cost": 0.007115500000000001, "llm_query_time": 110.84977579116821}