max_depth,max_features,min_impurity_decrease,min_samples_leaf,min_samples_split,min_weight_fraction_leaf,score,generalization_score
9,0.267458909988376,0.30138168803582105,0.083360328995513,0.070058434405707,0.123505898079574,1.0036223301572698,0.5938024076156424
7,0.6020791473690711,0.48183138025051403,0.044472480364563007,0.38018445062536704,0.078331441745601,1.0036223301572698,0.5938024076156424
9,0.7033204209752381,0.035518029098943006,0.014036718835817,0.010973585341781,0.25544111374655504,0.9322251926743588,0.5357600881666122
12,0.544787159447375,0.48930917111638206,0.22425114674628402,0.08335745696734101,0.20856784511275603,1.0036223301572698,0.5938024076156424
3,0.18925567537030202,0.07167664370452301,0.39507149928225904,0.110006634215878,0.050218066274631004,1.0036223301572698,0.5938024076156424
15,0.99,0.0,0.01,0.01,0.49,0.941780706360082,0.534499548705702
13,0.91,0.0,0.05,0.21,0.15,0.906212416262943,0.5308546160802189
15,0.85,0.0,0.01,0.39,0.01,0.9457979259956101,0.5346612647591972
11,0.88,0.0,0.07,0.11,0.28,0.9242876189126805,0.5371456438383486
14,0.95,0.0,0.2,0.15,0.49,0.941780706360082,0.534499548705702
13,0.84,0.0,0.03,0.28,0.37,0.9327173389281977,0.5453685102123086
12,0.5,0.0,0.15,0.01,0.49,0.963230454893974,0.5560329791050013
11,0.29,0.0,0.09,0.36,0.12,0.9489692627625056,0.547007700406131
9,0.76,0.0,0.1,0.31,0.31,0.931943721077122,0.5444010411887192
14,0.96,0.0,0.01,0.01,0.01,1.0121366838220045,0.564557875660614
13,0.89,0.0,0.08,0.18,0.25,0.9222073852258161,0.5336978732460127
7,0.51,0.0,0.04,0.15,0.16,0.9278685820809635,0.5189145413312646
14,0.92,0.0,0.02,0.25,0.34,0.9363869226325224,0.5435313220934063
13,0.89,0.0,0.01,0.01,0.01,0.9727796666696371,0.5412442186409273
10,0.7,0.0,0.01,0.01,0.01,0.9636181813414936,0.5848482884431119
11,0.65,0.0,0.01,0.01,0.01,0.9504949735862557,0.567579604657635
8,0.64,0.0,0.02,0.12,0.3,0.9292567906966219,0.5461184327641952
14,0.92,0.0,0.01,0.01,0.01,0.9732315077913734,0.5412442186409273
11,0.88,0.0,0.01,0.01,0.01,0.972669294256726,0.5386810014190282
8,0.47,0.0,0.18,0.22,0.26,0.9378053016557258,0.5590346428546479
