{"llm_query_cost_breakdown": [0, 0.018032, 0.021836, 0.023952, 0.026051999999999995, 0.028165999999999997, 0.030288, 0.032397999999999996, 0.028453999999999997, 0.036612, 0.035328, 0.040842, 0.035356000000000005, 0.04505999999999999, 0.04717600000000001, 0.04054, 0.04683399999999999, 0.048752, 0.04078, 0.047451999999999994, 0.043852], "llm_query_time_breakdown": [0.23517084121704102, 3.2901031970977783, 3.2921178340911865, 4.369356393814087, 52.31889724731445, 6.1869282722473145, 51.13513731956482, 4.858537435531616, 54.73177123069763, 4.24244499206543, 55.83346390724182, 3.8650729656219482, 56.592570066452026, 58.36018204689026, 5.881331443786621, 55.95676136016846, 58.61550450325012, 4.938336610794067, 56.0715434551239, 58.67017841339111, 59.99085736274719], "llm_query_cost": 0.717762, "llm_query_time": 659.4362668991089}