{
    "GP": {
        "rmse": [
            0.3479270739102385
        ],
        "r2": [
            -0.3480200424368296
        ],
        "nll": [
            4.0829540224886145
        ],
        "mace": [
            0.41620202020202013
        ],
        "sharpness": [
            23.1894716561107
        ],
        "observed_coverage": [
            1.0
        ],
        "regret": [
            0.003134959988719086
        ],
        "y_pred": [
            [
                0.0,
                0.0,
                0.0,
                0.0,
                0.0,
                0.0,
                0.0,
                0.0,
                0.0,
                0.0
            ]
        ],
        "y_std": [
            [
                23.1894716561107,
                23.1894716561107,
                23.1894716561107,
                23.1894716561107,
                23.1894716561107,
                23.1894716561107,
                23.1894716561107,
                23.1894716561107,
                23.1894716561107,
                23.1894716561107
            ]
        ],
        "y_true": [
            [
                0.5963681244466884,
                0.6427604594567716,
                0.5191542693082367,
                0.41985689787638275,
                0.625755754382006,
                1.532456994957057,
                4.715229560131532,
                0.41987306030852145,
                0.42483818108236987,
                13.855198600631285
            ]
        ]
    },
    "SMAC": {
        "rmse": [
            0.6551406286397987
        ],
        "r2": [
            -3.7795715380471657
        ],
        "nll": [
            3.4609503643111665
        ],
        "mace": [
            0.13457575757575757
        ],
        "sharpness": [
            10.413419786661818
        ],
        "observed_coverage": [
            0.8
        ],
        "regret": [
            0.003134959988719086
        ],
        "y_pred": [
            [
                6.474140144999327,
                4.0827003230635714,
                4.0827003230635714,
                8.533320083563044,
                4.0827003230635714,
                16.8677658610623,
                21.293883246181323,
                6.474140144999327,
                8.533320083563044,
                18.90244342424557
            ]
        ],
        "y_std": [
            [
                8.898299333671837,
                6.358280451472442,
                6.358280451472442,
                9.933316255317727,
                6.358280451472442,
                15.359869316467433,
                12.87397793350825,
                8.898299333671837,
                9.933316255317727,
                14.343780068820267
            ]
        ],
        "y_true": [
            [
                0.5963681244466884,
                0.6427604594567716,
                0.5191542693082367,
                0.41985689787638275,
                0.625755754382006,
                1.532456994957057,
                4.715229560131532,
                0.41987306030852145,
                0.42483818108236987,
                13.855198600631285
            ]
        ]
    },
    "LLAMBO": {
        "rmse": [
            0.9206963684993416
        ],
        "r2": [
            -8.439581933712754
        ],
        "nll": [
            1.9973108894661231
        ],
        "mace": [
            0.07028282828282827
        ],
        "sharpness": [
            17.687019223234515
        ],
        "observed_coverage": [
            0.7
        ],
        "regret": [
            0.0
        ],
        "y_pred": [
            [
                0.5640639399999999,
                0.54870328,
                0.5518651200000001,
                15.03243822,
                0.48386374000000004,
                5.5271457999999996,
                37.570681619999995,
                2.4814312,
                13.685961380000002,
                20.260868780000003
            ]
        ],
        "y_std": [
            [
                0.18102493596655791,
                0.0838798285253469,
                0.057767862307563374,
                42.340864465957466,
                0.12216944752331656,
                6.315577405917236,
                18.535804223139127,
                7.613992723161535,
                27.521775666942258,
                11.688286475556113
            ]
        ],
        "y_true": [
            [
                0.5963681244466884,
                0.6427604594567716,
                0.5191542693082367,
                0.41985689787638275,
                0.625755754382006,
                1.532456994957057,
                4.715229560131532,
                0.41987306030852145,
                0.42483818108236987,
                13.855198600631285
            ]
        ],
        "llm_query_cost": [
            0.03647500000000001
        ],
        "llm_query_time": [
            5.140008926391602
        ]
    },
    "LLAMBO_VANILLA": {
        "rmse": [
            1.0747323409713267
        ],
        "r2": [
            -11.862356303007497
        ],
        "nll": [
            4.153595167640297
        ],
        "mace": [
            0.1273636363636364
        ],
        "sharpness": [
            8.015937025796548
        ],
        "observed_coverage": [
            0.5
        ],
        "regret": [
            8.847099329983943e-05
        ],
        "y_pred": [
            [
                0.8098569000000001,
                0.5737349,
                0.5632984,
                0.5236832,
                0.43864559999999997,
                2.982991,
                47.4239502,
                0.5807692,
                15.457120100000001,
                8.1342457
            ]
        ],
        "y_std": [
            [
                0.5623625270406004,
                0.1759267772690957,
                0.12184400345786411,
                0.09085623776692496,
                0.07420425341339942,
                4.932962491737962,
                18.481610621195454,
                0.02116905911843982,
                15.754633023733021,
                5.297517828596182
            ]
        ],
        "y_true": [
            [
                0.5963681244466884,
                0.6427604594567716,
                0.5191542693082367,
                0.41985689787638275,
                0.625755754382006,
                1.532456994957057,
                4.715229560131532,
                0.41987306030852145,
                0.42483818108236987,
                13.855198600631285
            ]
        ],
        "llm_query_cost": [
            0.007295000000000001
        ],
        "llm_query_time": [
            1.3817617893218994
        ]
    }
}