{
    "GP": {
        "rmse": [
            1.19244937036665
        ],
        "r2": [
            -14.83433384802073
        ],
        "nll": [
            11.951232171102543
        ],
        "mace": [
            0.24061616161616153
        ],
        "sharpness": [
            9.61522642273436
        ],
        "observed_coverage": [
            0.8
        ],
        "regret": [
            8.847099329983943e-05
        ],
        "y_pred": [
            [
                0.5758947581577445,
                0.6663119572673395,
                0.7264036558161706,
                -2.2226214934917152,
                1.0549588291659688,
                -4.611325944714224,
                53.20870914958283,
                -0.5448859580196768,
                -2.757423315807074,
                26.46793436080793
            ]
        ],
        "y_std": [
            [
                10.666050103773182,
                1.297832086936487,
                7.154940309213486,
                13.695394936735095,
                8.578580671275178,
                9.243973209071276,
                3.681564502764874,
                13.368699827809342,
                14.040144935542303,
                4.677069194712119
            ]
        ],
        "y_true": [
            [
                0.5963681244466884,
                0.6427604594567716,
                0.5191542693082367,
                0.41985689787638275,
                0.625755754382006,
                1.532456994957057,
                4.715229560131532,
                0.41987306030852145,
                0.42483818108236987,
                13.855198600631285
            ]
        ]
    },
    "SMAC": {
        "rmse": [
            0.798071822233407
        ],
        "r2": [
            -6.092573657288881
        ],
        "nll": [
            3.860748034624252
        ],
        "mace": [
            0.1723535353535354
        ],
        "sharpness": [
            11.87524219586694
        ],
        "observed_coverage": [
            0.9
        ],
        "regret": [
            0.003958919556990135
        ],
        "y_pred": [
            [
                9.55762864169098,
                7.3042197241706,
                9.225518211064374,
                11.201090132311688,
                9.225518211064374,
                11.546995864179332,
                23.389786755096328,
                12.296545335406465,
                11.201090132311688,
                21.12209231988158
            ]
        ],
        "y_std": [
            [
                11.657441502232894,
                11.726702013959345,
                11.882028247254986,
                12.893475764892214,
                11.882028247254986,
                12.760770243300065,
                9.121375920815677,
                12.502163510149764,
                12.893475764892214,
                10.936764427393564
            ]
        ],
        "y_true": [
            [
                0.5963681244466884,
                0.6427604594567716,
                0.5191542693082367,
                0.41985689787638275,
                0.625755754382006,
                1.532456994957057,
                4.715229560131532,
                0.41987306030852145,
                0.42483818108236987,
                13.855198600631285
            ]
        ]
    },
    "LLAMBO": {
        "rmse": [
            0.48753116708875266
        ],
        "r2": [
            -1.646821595590108
        ],
        "nll": [
            0.37659407346049417
        ],
        "mace": [
            0.11232323232323232
        ],
        "sharpness": [
            5.141217524547557
        ],
        "observed_coverage": [
            0.8
        ],
        "regret": [
            0.019760537930450597
        ],
        "y_pred": [
            [
                0.62562902,
                0.5522481,
                0.46835682,
                0.43112396,
                0.86300098,
                1.3465369600000003,
                25.037022300000004,
                0.47111242000000003,
                0.49056852000000006,
                17.85013928
            ]
        ],
        "y_std": [
            [
                0.3260928177913454,
                0.05176051734333806,
                0.05777782722106812,
                0.03857857980795042,
                0.6804657620762852,
                1.8318191891273765,
                13.42209274012742,
                0.15052969349481715,
                0.17285760607485456,
                8.954531055607763
            ]
        ],
        "y_true": [
            [
                0.5963681244466884,
                0.6427604594567716,
                0.5191542693082367,
                0.41985689787638275,
                0.625755754382006,
                1.532456994957057,
                4.715229560131532,
                0.41987306030852145,
                0.42483818108236987,
                13.855198600631285
            ]
        ],
        "llm_query_cost": [
            0.057475
        ],
        "llm_query_time": [
            5.089514255523682
        ]
    },
    "LLAMBO_VANILLA": {
        "rmse": [
            0.3749060586605177
        ],
        "r2": [
            -0.5651819029958107
        ],
        "nll": [
            2.018595649564678
        ],
        "mace": [
            0.10160606060606062
        ],
        "sharpness": [
            3.790611203741946
        ],
        "observed_coverage": [
            0.7
        ],
        "regret": [
            0.23862084860720842
        ],
        "y_pred": [
            [
                0.5962821,
                0.5791458,
                0.48380039999999996,
                0.4289801000000001,
                0.7361023,
                0.8265879,
                20.014324800000004,
                0.4683776,
                0.5177041,
                18.2282621
            ]
        ],
        "y_std": [
            [
                0.18370938685676896,
                0.023360653444627805,
                0.04656391108616199,
                0.013443419278219366,
                0.21910846411996504,
                0.10873469030208348,
                8.157870243966101,
                0.09171925598280876,
                0.13457857610812354,
                8.775732830520566
            ]
        ],
        "y_true": [
            [
                0.5963681244466884,
                0.6427604594567716,
                0.5191542693082367,
                0.41985689787638275,
                0.625755754382006,
                1.532456994957057,
                4.715229560131532,
                0.41987306030852145,
                0.42483818108236987,
                13.855198600631285
            ]
        ],
        "llm_query_cost": [
            0.011494999999999997
        ],
        "llm_query_time": [
            54.87793707847595
        ]
    }
}