{
    "GP": {
        "rmse": [
            1.2355561891678397
        ],
        "r2": [
            -15.999842631691251
        ],
        "nll": [
            3.0094645853219055
        ],
        "mace": [
            0.22564646464646462
        ],
        "sharpness": [
            5.879080000658293
        ],
        "observed_coverage": [
            0.8
        ],
        "regret": [
            0.019759620439940354
        ],
        "y_pred": [
            [
                1.1174463593828108,
                0.7317173356074207,
                1.0799608161208027,
                1.877709218656614,
                1.1726377931927772,
                -2.0562769816049755,
                55.17740167643123,
                1.577274351612889,
                1.7941945710718148,
                27.64275862337991
            ]
        ],
        "y_std": [
            [
                5.885901784872832,
                1.1953181034687999,
                5.417566109875189,
                5.202652122345469,
                4.42996769801052,
                8.651764539306585,
                3.458365414406463,
                9.906218296241695,
                5.09896304613686,
                4.751321902743948
            ]
        ],
        "y_true": [
            [
                0.5963681244466884,
                0.6427604594567716,
                0.5191542693082367,
                0.41985689787638275,
                0.625755754382006,
                1.532456994957057,
                4.715229560131532,
                0.41987306030852145,
                0.42483818108236987,
                13.855198600631285
            ]
        ]
    },
    "SMAC": {
        "rmse": [
            0.36527708890604255
        ],
        "r2": [
            -0.4858150947311417
        ],
        "nll": [
            2.830103769613737
        ],
        "mace": [
            0.13155555555555554
        ],
        "sharpness": [
            6.043829348594436
        ],
        "observed_coverage": [
            0.8
        ],
        "regret": [
            0.0
        ],
        "y_pred": [
            [
                2.5346974206910327,
                1.9265578183240457,
                3.0853898243598317,
                8.56777400407332,
                3.0853898243598317,
                6.632857587847191,
                11.38200800640059,
                2.5346974206910327,
                8.56777400407332,
                9.959238429443332
            ]
        ],
        "y_std": [
            [
                3.7124633412198818,
                2.7659003030537406,
                4.202729339147234,
                10.171487648342222,
                4.202729339147234,
                4.791852804277359,
                7.563978684109132,
                3.7124633412198818,
                10.171487648342222,
                2.7647681194895855
            ]
        ],
        "y_true": [
            [
                0.5963681244466884,
                0.6427604594567716,
                0.5191542693082367,
                0.41985689787638275,
                0.625755754382006,
                1.532456994957057,
                4.715229560131532,
                0.41987306030852145,
                0.42483818108236987,
                13.855198600631285
            ]
        ]
    },
    "LLAMBO": {
        "rmse": [
            0.2508412665428645
        ],
        "r2": [
            0.29932298690749615
        ],
        "nll": [
            -0.41078174255788297
        ],
        "mace": [
            0.09538383838383836
        ],
        "sharpness": [
            4.067528162479549
        ],
        "observed_coverage": [
            0.8
        ],
        "regret": [
            0.07628521126050523
        ],
        "y_pred": [
            [
                0.50245322,
                0.5724751600000001,
                0.4977605200000001,
                0.41443816000000006,
                0.5877032799999999,
                5.70689522,
                14.4468483,
                0.41299257999999994,
                0.430083,
                15.05194518
            ]
        ],
        "y_std": [
            [
                0.08785737658325339,
                0.0750035073447529,
                0.043702689483939086,
                0.010088726976898518,
                0.194876778337804,
                4.274339441933447,
                9.262272296225575,
                0.02083874293146302,
                0.04178968374898283,
                7.831517990116761
            ]
        ],
        "y_true": [
            [
                0.5963681244466884,
                0.6427604594567716,
                0.5191542693082367,
                0.41985689787638275,
                0.625755754382006,
                1.532456994957057,
                4.715229560131532,
                0.41987306030852145,
                0.42483818108236987,
                13.855198600631285
            ]
        ],
        "llm_query_cost": [
            0.07847500000000002
        ],
        "llm_query_time": [
            60.059808015823364
        ]
    },
    "LLAMBO_VANILLA": {
        "rmse": [
            0.24421357695822807
        ],
        "r2": [
            0.33586019625065566
        ],
        "nll": [
            3.6092531050793317
        ],
        "mace": [
            0.28700000000000003
        ],
        "sharpness": [
            1.4066218859476995
        ],
        "observed_coverage": [
            0.3
        ],
        "regret": [
            0.019759620439940354
        ],
        "y_pred": [
            [
                0.5056607,
                0.5326865000000001,
                0.45724979999999993,
                0.41818619999999995,
                0.5242553,
                4.0894895,
                10.777980499999998,
                0.4301347,
                0.4328266,
                5.8348689
            ]
        ],
        "y_std": [
            [
                0.026968029316396122,
                0.04267039119869888,
                0.021815918920824764,
                0.005780087158512398,
                0.04374162400517385,
                1.6166371508034358,
                4.026358589296593,
                0.010411045164151388,
                0.021005322378863888,
                0.9773698427892534
            ]
        ],
        "y_true": [
            [
                0.5963681244466884,
                0.6427604594567716,
                0.5191542693082367,
                0.41985689787638275,
                0.625755754382006,
                1.532456994957057,
                4.715229560131532,
                0.41987306030852145,
                0.42483818108236987,
                13.855198600631285
            ]
        ],
        "llm_query_cost": [
            0.015695
        ],
        "llm_query_time": [
            2.912928819656372
        ]
    }
}