{
    "GP": {
        "rmse": [
            0.3479270739102385
        ],
        "r2": [
            -0.3480200424368296
        ],
        "nll": [
            4.177468944460957
        ],
        "mace": [
            0.4252020202020202
        ],
        "sharpness": [
            25.580594051740622
        ],
        "observed_coverage": [
            1.0
        ],
        "regret": [
            0.003134959988719086
        ],
        "y_pred": [
            [
                1.4066132923003971e-39,
                3.202725455413711e-17,
                3.701206959158661e-36,
                3.039789202434307e-48,
                2.4282140393956924e-38,
                2.610612575386577e-45,
                1.8335269627315855e-31,
                2.968854330907953e-48,
                1.0173368919253325e-49,
                3.7816802060378564e-27
            ]
        ],
        "y_std": [
            [
                25.580594051740626,
                25.580594051740626,
                25.580594051740626,
                25.580594051740626,
                25.580594051740626,
                25.580594051740626,
                25.580594051740626,
                25.580594051740626,
                25.580594051740626,
                25.580594051740626
            ]
        ],
        "y_true": [
            [
                0.5963681244466884,
                0.6427604594567716,
                0.5191542693082367,
                0.41985689787638275,
                0.625755754382006,
                1.532456994957057,
                4.715229560131532,
                0.41987306030852145,
                0.42483818108236987,
                13.855198600631285
            ]
        ]
    },
    "SMAC": {
        "rmse": [
            0.9131135911656909
        ],
        "r2": [
            -8.284735028325994
        ],
        "nll": [
            3.9618901983960457
        ],
        "mace": [
            0.24845454545454548
        ],
        "sharpness": [
            10.263906235620086
        ],
        "observed_coverage": [
            0.2
        ],
        "regret": [
            0.003134959988719086
        ],
        "y_pred": [
            [
                13.963671942763813,
                13.963671942763813,
                13.963671942763813,
                13.963671942763813,
                13.963671942763813,
                13.963671942763813,
                13.963671942763813,
                13.963671942763813,
                13.963671942763813,
                13.963671942763813
            ]
        ],
        "y_std": [
            [
                10.263906235620086,
                10.263906235620086,
                10.263906235620086,
                10.263906235620086,
                10.263906235620086,
                10.263906235620086,
                10.263906235620086,
                10.263906235620086,
                10.263906235620086,
                10.263906235620086
            ]
        ],
        "y_true": [
            [
                0.5963681244466884,
                0.6427604594567716,
                0.5191542693082367,
                0.41985689787638275,
                0.625755754382006,
                1.532456994957057,
                4.715229560131532,
                0.41987306030852145,
                0.42483818108236987,
                13.855198600631285
            ]
        ]
    },
    "LLAMBO": {
        "rmse": [
            0.36038306215338195
        ],
        "r2": [
            -0.4462675510888099
        ],
        "nll": [
            6.1011812185646495
        ],
        "mace": [
            0.06465656565656565
        ],
        "sharpness": [
            4.932370219801049
        ],
        "observed_coverage": [
            0.8
        ],
        "regret": [
            2.8705583808874684e-07
        ],
        "y_pred": [
            [
                0.63227198,
                0.5710937,
                0.46028441999999997,
                1.8079908,
                0.46707645999999997,
                0.50766348,
                3.7925901,
                2.14900156,
                9.348682920000002,
                1.6917833999999998
            ]
        ],
        "y_std": [
            [
                0.46798044109178283,
                0.08294515536527736,
                0.20320406349540254,
                2.6435657172170015,
                0.16365562698584,
                0.2788643325800014,
                4.757408622308419,
                8.593791345487515,
                11.737307826081462,
                1.293063298249641
            ]
        ],
        "y_true": [
            [
                0.5963681244466884,
                0.6427604594567716,
                0.5191542693082367,
                0.41985689787638275,
                0.625755754382006,
                1.532456994957057,
                4.715229560131532,
                0.41987306030852145,
                0.42483818108236987,
                13.855198600631285
            ]
        ],
        "llm_query_cost": [
            0.025974999999999995
        ],
        "llm_query_time": [
            4.491762638092041
        ]
    },
    "LLAMBO_VANILLA": {
        "rmse": [
            1.3627865197390943
        ],
        "r2": [
            -19.681191598117994
        ],
        "nll": [
            1.5106077477613302
        ],
        "mace": [
            0.0973838383838384
        ],
        "sharpness": [
            18.910896004690482
        ],
        "observed_coverage": [
            0.7
        ],
        "regret": [
            8.847099329983943e-05
        ],
        "y_pred": [
            [
                1.4477902999999999,
                0.9143003000000001,
                0.6417628000000001,
                5.847461699999999,
                0.4930993000000001,
                0.3908913,
                4.538197899999999,
                0.7063183,
                56.9859859,
                2.8321016
            ]
        ],
        "y_std": [
            [
                1.1916679267995804,
                0.42370925018438055,
                0.3763674769774349,
                5.618182432992044,
                0.09714230565829701,
                0.0549392277722394,
                3.250348779074623,
                0.4229254950061654,
                59.42926627001063,
                0.5664549404362539
            ]
        ],
        "y_true": [
            [
                0.5963681244466884,
                0.6427604594567716,
                0.5191542693082367,
                0.41985689787638275,
                0.625755754382006,
                1.532456994957057,
                4.715229560131532,
                0.41987306030852145,
                0.42483818108236987,
                13.855198600631285
            ]
        ],
        "llm_query_cost": [
            0.005195
        ],
        "llm_query_time": [
            3.4481706619262695
        ]
    }
}