{"llm_query_cost_breakdown": [0, 0.000441, 0.0004445, 0.0004445, 0.000441, 0.0004445, 0.000441, 0.0004445, 0.000441, 0.000441, 0.000441], "llm_query_time_breakdown": [0.5003879070281982, 5.592181444168091, 5.8810365200042725, 5.583227634429932, 5.718275785446167, 5.7567079067230225, 21.105275630950928, 17.723041534423828, 6.861059904098511, 7.5457446575164795, 27.71895694732666], "llm_query_cost": 0.004424000000000001, "llm_query_time": 109.98589587211609}