{"llm_query_cost_breakdown": [0, 0.0004445, 0.000441, 0.0004935, 0.000441, 0.000532, 0.000441, 0.0005635000000000001, 0.000441, 0.000567, 0.000441], "llm_query_time_breakdown": [0.333782434463501, 5.668304443359375, 6.423257827758789, 5.999895334243774, 6.163587331771851, 6.5562803745269775, 5.829481601715088, 7.109036445617676, 8.40308427810669, 9.065182209014893, 8.829965829849243], "llm_query_cost": 0.004805500000000001, "llm_query_time": 70.38185811042786}