{
    "GP": {
        "rmse": [
            2.110548492207636
        ],
        "r2": [
            -52.213491254169554
        ],
        "nll": [
            -1.6000062334033847
        ],
        "mace": [
            0.12790909090909094
        ],
        "sharpness": [
            0.11938416247754316
        ],
        "observed_coverage": [
            0.5
        ],
        "regret": [
            0.9252983320043029
        ],
        "y_pred": [
            [
                0.597201941585524,
                0.5908938781462447,
                0.09561439579470264,
                0.5831748503689508,
                0.5772737278273546,
                0.6004190498034581,
                0.5925608182857528,
                0.5578759719976584,
                0.6219402417485012,
                0.595241849264569
            ]
        ],
        "y_std": [
            [
                0.006582645085201032,
                0.0025142838964871067,
                0.37321819678514695,
                0.009843299109596203,
                0.011976878747850658,
                1e-05,
                0.024708647913104922,
                0.04474529005953031,
                0.011998884537688518,
                0.013687201942032417
            ]
        ],
        "y_true": [
            [
                0.5989350333501171,
                0.6048290000508426,
                0.607022553002303,
                0.5963586142327316,
                0.5720144962542236,
                0.6004190498035018,
                0.5294775865697199,
                0.5946681786728995,
                0.5995070944372737,
                0.6042128375662161
            ]
        ]
    },
    "SMAC": {
        "rmse": [
            0.2873481182315521
        ],
        "r2": [
            0.01361195944014948
        ],
        "nll": [
            -2.384608046256311
        ],
        "mace": [
            0.0986666666666667
        ],
        "sharpness": [
            0.014603158661241405
        ],
        "observed_coverage": [
            0.7
        ],
        "regret": [
            0.8917716554703954
        ],
        "y_pred": [
            [
                0.5885351227209211,
                0.5885351227209211,
                0.5945659379712501,
                0.5879973651039245,
                0.5895496817857346,
                0.5947486813063484,
                0.5909172770116834,
                0.5979403241233041,
                0.6039578695951082,
                0.589335353000812
            ]
        ],
        "y_std": [
            [
                0.012990678401099317,
                0.012990678401099317,
                0.01686156258948567,
                0.014639647377657432,
                0.015172161303418596,
                0.012265698187129703,
                0.016427095215153394,
                0.01660208034278827,
                0.004569017839813789,
                0.01869168602185658
            ]
        ],
        "y_true": [
            [
                0.5989350333501171,
                0.6048290000508426,
                0.607022553002303,
                0.5963586142327316,
                0.5720144962542236,
                0.6004190498035018,
                0.5294775865697199,
                0.5946681786728995,
                0.5995070944372737,
                0.6042128375662161
            ]
        ]
    },
    "LLAMBO": {
        "rmse": [
            0.14932836147991452
        ],
        "r2": [
            0.7336113709416936
        ],
        "nll": [
            -1.9678349463926246
        ],
        "mace": [
            0.15990909090909095
        ],
        "sharpness": [
            0.009430227968408826
        ],
        "observed_coverage": [
            0.6
        ],
        "regret": [
            0.0
        ],
        "y_pred": [
            [
                0.59109468,
                0.58649388,
                0.61267204,
                0.59136928,
                0.55942868,
                0.600419,
                0.53510694,
                0.6160656999999999,
                0.61107866,
                0.6144393000000001
            ]
        ],
        "y_std": [
            [
                0.008049007249195385,
                0.007321103639861965,
                0.006016123236636694,
                0.008088121428465335,
                0.022290598668891787,
                1e-05,
                0.010178216172610999,
                0.003589666582010088,
                0.004770104403930803,
                0.005760980511163018
            ]
        ],
        "y_true": [
            [
                0.5989350333501171,
                0.6048290000508426,
                0.607022553002303,
                0.5963586142327316,
                0.5720144962542236,
                0.6004190498035018,
                0.5294775865697199,
                0.5946681786728995,
                0.5995070944372737,
                0.6042128375662161
            ]
        ],
        "llm_query_cost": [
            0.06609999999999999
        ],
        "llm_query_time": [
            60.029461145401
        ]
    },
    "LLAMBO_VANILLA": {
        "rmse": [
            0.20791350594994742
        ],
        "r2": [
            0.4835878082297914
        ],
        "nll": [
            0.1161355767624674
        ],
        "mace": [
            0.22190909090909094
        ],
        "sharpness": [
            0.00638252155609364
        ],
        "observed_coverage": [
            0.3
        ],
        "regret": [
            0.0
        ],
        "y_pred": [
            [
                0.5875239000000001,
                0.5837745,
                0.6153438,
                0.5899123000000001,
                0.5401003,
                0.6004190000000001,
                0.5274129999999999,
                0.6211625,
                0.6113628,
                0.6112703
            ]
        ],
        "y_std": [
            [
                0.00990557792811705,
                0.006905124969904604,
                0.0055719812418923206,
                0.00847902540449079,
                0.007097721423809208,
                1e-05,
                0.006865188314969944,
                0.00368699973555735,
                0.003428969635327794,
                0.005980249376907283
            ]
        ],
        "y_true": [
            [
                0.5989350333501171,
                0.6048290000508426,
                0.607022553002303,
                0.5963586142327316,
                0.5720144962542236,
                0.6004190498035018,
                0.5294775865697199,
                0.5946681786728995,
                0.5995070944372737,
                0.6042128375662161
            ]
        ],
        "llm_query_cost": [
            0.01322
        ],
        "llm_query_time": [
            2.21481990814209
        ]
    }
}