{
    "GP": {
        "rmse": [
            1.818317644838097
        ],
        "r2": [
            -38.49758928212274
        ],
        "nll": [
            -4.147817540597193
        ],
        "mace": [
            0.16582828282828285
        ],
        "sharpness": [
            0.09288494767686312
        ],
        "observed_coverage": [
            0.5
        ],
        "regret": [
            0.9252983320043029
        ],
        "y_pred": [
            [
                0.6148760024581179,
                0.5949896215919068,
                0.1722953139757486,
                0.5807796438450907,
                0.5836102027415109,
                0.6004190498034916,
                0.6248441678494459,
                0.596469266380268,
                0.5995070944372713,
                0.6042128375662372
            ]
        ],
        "y_std": [
            [
                0.007912468617975054,
                0.003745196247822622,
                0.2874920504188838,
                0.011222900800382971,
                0.017907082282188454,
                1e-05,
                0.04080917988225366,
                0.037892159872701864,
                1e-05,
                1e-05
            ]
        ],
        "y_true": [
            [
                0.5989350333501171,
                0.6048290000508426,
                0.607022553002303,
                0.5963586142327316,
                0.5720144962542236,
                0.6004190498035018,
                0.5294775865697199,
                0.5946681786728995,
                0.5995070944372737,
                0.6042128375662161
            ]
        ]
    },
    "SMAC": {
        "rmse": [
            0.31473409077800185
        ],
        "r2": [
            -0.18336482616416672
        ],
        "nll": [
            0.048494224230896686
        ],
        "mace": [
            0.07904040404040404
        ],
        "sharpness": [
            0.009652004286917064
        ],
        "observed_coverage": [
            0.8
        ],
        "regret": [
            0.9252983320043029
        ],
        "y_pred": [
            [
                0.6020913190861518,
                0.6015296493125792,
                0.5928305772127628,
                0.5943517163335579,
                0.6039566432118297,
                0.6029194008667714,
                0.5976266779958989,
                0.5964930475789605,
                0.6029828725569829,
                0.5975795832605344
            ]
        ],
        "y_std": [
            [
                0.0055451698476860775,
                0.005609423569250466,
                0.015148222936581284,
                0.007309513886950489,
                0.004892604130376946,
                0.004803092757378511,
                0.011624635396856164,
                0.01479658560453919,
                0.00426155580920043,
                0.01293292109069038
            ]
        ],
        "y_true": [
            [
                0.5989350333501171,
                0.6048290000508426,
                0.607022553002303,
                0.5963586142327316,
                0.5720144962542236,
                0.6004190498035018,
                0.5294775865697199,
                0.5946681786728995,
                0.5995070944372737,
                0.6042128375662161
            ]
        ]
    },
    "LLAMBO": {
        "rmse": [
            0.15881423289099184
        ],
        "r2": [
            0.6986925114001391
        ],
        "nll": [
            -4.676446452928732
        ],
        "mace": [
            0.09557575757575762
        ],
        "sharpness": [
            0.00880105539894847
        ],
        "observed_coverage": [
            0.6
        ],
        "regret": [
            0.0
        ],
        "y_pred": [
            [
                0.59288696,
                0.59138104,
                0.6044576,
                0.6043301799999999,
                0.58876682,
                0.600419,
                0.5569516999999999,
                0.60858222,
                0.599507,
                0.6043944
            ]
        ],
        "y_std": [
            [
                0.009748914673870117,
                0.007816811810348257,
                0.006621880938222912,
                0.008888838071851682,
                0.009238076699595,
                1e-05,
                0.018654171752452584,
                0.0077877051055879176,
                1e-05,
                0.0012698000000000032
            ]
        ],
        "y_true": [
            [
                0.5989350333501171,
                0.6048290000508426,
                0.607022553002303,
                0.5963586142327316,
                0.5720144962542236,
                0.6004190498035018,
                0.5294775865697199,
                0.5946681786728995,
                0.5995070944372737,
                0.6042128375662161
            ]
        ],
        "llm_query_cost": [
            0.11410000000000001
        ],
        "llm_query_time": [
            62.00193929672241
        ]
    },
    "LLAMBO_VANILLA": {
        "rmse": [
            0.15917280614884236
        ],
        "r2": [
            0.6973303818989538
        ],
        "nll": [
            -4.751173528894343
        ],
        "mace": [
            0.15556565656565657
        ],
        "sharpness": [
            0.008483848764033929
        ],
        "observed_coverage": [
            0.5
        ],
        "regret": [
            0.0
        ],
        "y_pred": [
            [
                0.5842866,
                0.5891534,
                0.6054932,
                0.5955370999999999,
                0.5945411999999999,
                0.6004190000000001,
                0.5518587000000001,
                0.6018673000000001,
                0.599507,
                0.6042129999999999
            ]
        ],
        "y_std": [
            [
                0.011650127649086088,
                0.006268473740871847,
                0.007804708486548357,
                0.00926506593014859,
                0.006728506398897165,
                1e-05,
                0.017711641595572106,
                0.006245589932904663,
                1e-05,
                1e-05
            ]
        ],
        "y_true": [
            [
                0.5989350333501171,
                0.6048290000508426,
                0.607022553002303,
                0.5963586142327316,
                0.5720144962542236,
                0.6004190498035018,
                0.5294775865697199,
                0.5946681786728995,
                0.5995070944372737,
                0.6042128375662161
            ]
        ],
        "llm_query_cost": [
            0.022819999999999997
        ],
        "llm_query_time": [
            59.014002084732056
        ]
    }
}