{
    "GP": {
        "rmse": [
            1.6401950077727576
        ],
        "r2": [
            -31.138237411723544
        ],
        "nll": [
            -4.737033897070679
        ],
        "mace": [
            0.11583838383838387
        ],
        "sharpness": [
            0.08991051350247062
        ],
        "observed_coverage": [
            0.6
        ],
        "regret": [
            0.9252983320043029
        ],
        "y_pred": [
            [
                0.6003270425266152,
                0.6006397524372602,
                0.20972099210569617,
                0.5821177471173797,
                0.611911522119172,
                0.6004190498034916,
                0.5745786589808546,
                0.6032343302861563,
                0.5995070944372998,
                0.6042128375662088
            ]
        ],
        "y_std": [
            [
                0.002830422816994901,
                0.002808201988670673,
                0.27686271812112595,
                0.009706432363840067,
                0.0198678697937587,
                1e-05,
                0.04568448028921958,
                0.03992647351016236,
                1e-05,
                1e-05
            ]
        ],
        "y_true": [
            [
                0.5989350333501171,
                0.6048290000508426,
                0.607022553002303,
                0.5963586142327316,
                0.5720144962542236,
                0.6004190498035018,
                0.5294775865697199,
                0.5946681786728995,
                0.5995070944372737,
                0.6042128375662161
            ]
        ]
    },
    "SMAC": {
        "rmse": [
            0.2986711323249679
        ],
        "r2": [
            -0.06565733886076153
        ],
        "nll": [
            0.8930594723723649
        ],
        "mace": [
            0.15781818181818186
        ],
        "sharpness": [
            0.00660952256392807
        ],
        "observed_coverage": [
            0.8
        ],
        "regret": [
            0.5075678459917528
        ],
        "y_pred": [
            [
                0.6013775791895325,
                0.5999360899992533,
                0.6001244035365436,
                0.6029307026754077,
                0.5968614725752028,
                0.6031915198226045,
                0.5970137494481561,
                0.6002172683010006,
                0.6024752239155751,
                0.6000195752404188
            ]
        ],
        "y_std": [
            [
                0.004109918786604725,
                0.005173026562562511,
                0.007080025658344383,
                0.007175919031839361,
                0.009065813186028827,
                0.004746081242913815,
                0.007157189438050297,
                0.006998991823204022,
                0.0033353739945476335,
                0.008691113216482532
            ]
        ],
        "y_true": [
            [
                0.5989350333501171,
                0.6048290000508426,
                0.607022553002303,
                0.5963586142327316,
                0.5720144962542236,
                0.6004190498035018,
                0.5294775865697199,
                0.5946681786728995,
                0.5995070944372737,
                0.6042128375662161
            ]
        ]
    },
    "LLAMBO": {
        "rmse": [
            0.22840902776676075
        ],
        "r2": [
            0.37675670686709206
        ],
        "nll": [
            -4.479526071258518
        ],
        "mace": [
            0.07656565656565657
        ],
        "sharpness": [
            0.009620720060314638
        ],
        "observed_coverage": [
            0.6
        ],
        "regret": [
            0.0
        ],
        "y_pred": [
            [
                0.5976170599999999,
                0.6015287,
                0.60236516,
                0.60402062,
                0.59894724,
                0.600419,
                0.57640598,
                0.60530014,
                0.599507,
                0.6060640204081633
            ]
        ],
        "y_std": [
            [
                0.006719706345994591,
                0.005113647720561128,
                0.009370685525317777,
                0.0063889511999701415,
                0.009767853413232615,
                1e-05,
                0.023407578068215446,
                0.008304330429384428,
                1e-05,
                0.003655472411413329
            ]
        ],
        "y_true": [
            [
                0.5989350333501171,
                0.6048290000508426,
                0.607022553002303,
                0.5963586142327316,
                0.5720144962542236,
                0.6004190498035018,
                0.5294775865697199,
                0.5946681786728995,
                0.5995070944372737,
                0.6042128375662161
            ]
        ],
        "llm_query_cost": [
            0.16210200000000002
        ],
        "llm_query_time": [
            120.14768171310425
        ]
    },
    "LLAMBO_VANILLA": {
        "rmse": [
            0.2220768471420514
        ],
        "r2": [
            0.4108340365524765
        ],
        "nll": [
            -3.86912337381143
        ],
        "mace": [
            0.11412121212121212
        ],
        "sharpness": [
            0.007262787538077029
        ],
        "observed_coverage": [
            0.7
        ],
        "regret": [
            0.0
        ],
        "y_pred": [
            [
                0.5943291,
                0.6024698999999999,
                0.6076043999999999,
                0.6041669000000001,
                0.5942415555555556,
                0.6004190000000001,
                0.5777608,
                0.6018938,
                0.599507,
                0.6042129999999999
            ]
        ],
        "y_std": [
            [
                0.006019580939733281,
                0.004485163953524993,
                0.002276054577552996,
                0.00403726950921041,
                0.0038474905851046703,
                1e-05,
                0.01787908915353353,
                0.010732357409255445,
                1e-05,
                1e-05
            ]
        ],
        "y_true": [
            [
                0.5989350333501171,
                0.6048290000508426,
                0.607022553002303,
                0.5963586142327316,
                0.5720144962542236,
                0.6004190498035018,
                0.5294775865697199,
                0.5946681786728995,
                0.5995070944372737,
                0.6042128375662161
            ]
        ],
        "llm_query_cost": [
            0.032422000000000006
        ],
        "llm_query_time": [
            59.900187969207764
        ]
    }
}