{
    "GP": {
        "rmse": [
            1.2573054841148443
        ],
        "r2": [
            -17.88481361820536
        ],
        "nll": [
            -1.2336637558595567
        ],
        "mace": [
            0.22343434343434343
        ],
        "sharpness": [
            0.06954258979832763
        ],
        "observed_coverage": [
            0.3
        ],
        "regret": [
            0.9430280641569747
        ],
        "y_pred": [
            [
                0.6047841002879185,
                0.5889383682987079,
                0.31400064621547724,
                0.5777627114595242,
                0.5808685385994483,
                0.6004190498034884,
                0.6175016689162725,
                0.5984610890476323,
                0.6223015157542897,
                0.5899628050353082
            ]
        ],
        "y_std": [
            [
                0.0036254426157690213,
                0.003469130802828455,
                0.2173322445409042,
                0.009227066848387668,
                0.01067861018118835,
                1e-05,
                0.018701351482930076,
                0.016975826903708323,
                0.011070103047930243,
                0.011983185421202672
            ]
        ],
        "y_true": [
            [
                0.5989350333501171,
                0.6048290000508426,
                0.607022553002303,
                0.5963586142327316,
                0.5720144962542236,
                0.6004190498035018,
                0.5294775865697199,
                0.5946681786728995,
                0.5995070944372737,
                0.6042128375662161
            ]
        ]
    },
    "SMAC": {
        "rmse": [
            0.306466353948789
        ],
        "r2": [
            -0.12200989328589507
        ],
        "nll": [
            5.746945130325889
        ],
        "mace": [
            0.08006060606060611
        ],
        "sharpness": [
            0.0052957993866301805
        ],
        "observed_coverage": [
            0.5
        ],
        "regret": [
            0.8446753489222213
        ],
        "y_pred": [
            [
                0.598581187208,
                0.598581187208,
                0.598581187208,
                0.598581187208,
                0.598581187208,
                0.598581187208,
                0.598581187208,
                0.598581187208,
                0.598581187208,
                0.598581187208
            ]
        ],
        "y_std": [
            [
                0.0052957993866301805,
                0.0052957993866301805,
                0.0052957993866301805,
                0.0052957993866301805,
                0.0052957993866301805,
                0.0052957993866301805,
                0.0052957993866301805,
                0.0052957993866301805,
                0.0052957993866301805,
                0.0052957993866301805
            ]
        ],
        "y_true": [
            [
                0.5989350333501171,
                0.6048290000508426,
                0.607022553002303,
                0.5963586142327316,
                0.5720144962542236,
                0.6004190498035018,
                0.5294775865697199,
                0.5946681786728995,
                0.5995070944372737,
                0.6042128375662161
            ]
        ]
    },
    "LLAMBO": {
        "rmse": [
            0.33910999268589787
        ],
        "r2": [
            -0.37376440132780164
        ],
        "nll": [
            0.2719738113008437
        ],
        "mace": [
            0.28690909090909095
        ],
        "sharpness": [
            0.008316505729028267
        ],
        "observed_coverage": [
            0.3
        ],
        "regret": [
            0.5172934033039003
        ],
        "y_pred": [
            [
                0.5941463400000001,
                0.58966754,
                0.6283404,
                0.59191506,
                0.58147984,
                0.600419,
                0.5855006800000001,
                0.63164326,
                0.62316868,
                0.63634904
            ]
        ],
        "y_std": [
            [
                0.009652876946506673,
                0.004869126518011213,
                0.009143993462377367,
                0.005367308753593367,
                0.0058367384740452425,
                1e-05,
                0.007973803517619421,
                0.010040611467057172,
                0.007178641346215868,
                0.014571880474338236
            ]
        ],
        "y_true": [
            [
                0.5989350333501171,
                0.6048290000508426,
                0.607022553002303,
                0.5963586142327316,
                0.5720144962542236,
                0.6004190498035018,
                0.5294775865697199,
                0.5946681786728995,
                0.5995070944372737,
                0.6042128375662161
            ]
        ],
        "llm_query_cost": [
            0.04209999999999999
        ],
        "llm_query_time": [
            4.274972677230835
        ]
    },
    "LLAMBO_VANILLA": {
        "rmse": [
            0.34400478688239383
        ],
        "r2": [
            -0.41370910477936107
        ],
        "nll": [
            4.852672826354185
        ],
        "mace": [
            0.384909090909091
        ],
        "sharpness": [
            0.00653539584133968
        ],
        "observed_coverage": [
            0.1
        ],
        "regret": [
            0.5172934033039003
        ],
        "y_pred": [
            [
                0.5888066,
                0.587389,
                0.6308268,
                0.5912556,
                0.5823401,
                0.6004190000000001,
                0.5833067,
                0.6365301999999999,
                0.6229628999999999,
                0.6326696
            ]
        ],
        "y_std": [
            [
                0.004514086423629917,
                0.0036073848422367998,
                0.0106846001310297,
                0.0026916672602682484,
                0.005829632997882448,
                1e-05,
                0.005115843567780392,
                0.008974001825272832,
                0.00664035270825278,
                0.009355985498064866
            ]
        ],
        "y_true": [
            [
                0.5989350333501171,
                0.6048290000508426,
                0.607022553002303,
                0.5963586142327316,
                0.5720144962542236,
                0.6004190498035018,
                0.5294775865697199,
                0.5946681786728995,
                0.5995070944372737,
                0.6042128375662161
            ]
        ],
        "llm_query_cost": [
            0.00842
        ],
        "llm_query_time": [
            3.8126819133758545
        ]
    }
}