{
    "GP": {
        "rmse": [
            1.7927184126960918
        ],
        "r2": [
            -31.07317401375709
        ],
        "nll": [
            -1.678813350057244
        ],
        "mace": [
            0.25500000000000006
        ],
        "sharpness": [
            0.08234133786374757
        ],
        "observed_coverage": [
            0.2
        ],
        "regret": [
            0.021679585074387463
        ],
        "y_pred": [
            [
                0.5047069317861443,
                0.5207762195611085,
                0.49242443098366584,
                0.47032453809381103,
                0.4766343445175547,
                0.4723577429487218,
                0.5144923049683139,
                0.4424940277606777,
                0.4413547867586405,
                0.048550718443125584
            ]
        ],
        "y_std": [
            [
                0.02178954299242865,
                0.012891727802135076,
                0.028793399845745256,
                0.028964390690761142,
                0.007351310150268348,
                0.010383399953045831,
                0.01669844999452327,
                0.02206766672834529,
                0.015344774397375737,
                0.2536313142649019
            ]
        ],
        "y_true": [
            [
                0.43593006655379957,
                0.5066935711253259,
                0.45549551253328235,
                0.44131980455062775,
                0.47024073034545977,
                0.47606694737004884,
                0.49227017756289776,
                0.47649834415561565,
                0.4690752858426429,
                0.437556344848987
            ]
        ]
    },
    "SMAC": {
        "rmse": [
            0.3058306015661753
        ],
        "r2": [
            0.0665745015418927
        ],
        "nll": [
            -2.4301859564194386
        ],
        "mace": [
            0.10452525252525259
        ],
        "sharpness": [
            0.019142209668296887
        ],
        "observed_coverage": [
            0.5
        ],
        "regret": [
            0.021679585074387463
        ],
        "y_pred": [
            [
                0.47614607633752476,
                0.47534342206051866,
                0.4647551130915675,
                0.4647551130915675,
                0.4637231801737774,
                0.47534342206051866,
                0.47159869289945466,
                0.45990006313133075,
                0.4561553339702668,
                0.4607027174083369
            ]
        ],
        "y_std": [
            [
                0.021222025771335626,
                0.017821826278347153,
                0.019985257078215843,
                0.019985257078215843,
                0.020434970020508834,
                0.017821826278347153,
                0.018856839721250174,
                0.017671928433327173,
                0.014891144914685914,
                0.02173936272801953
            ]
        ],
        "y_true": [
            [
                0.43593006655379957,
                0.5066935711253259,
                0.45549551253328235,
                0.44131980455062775,
                0.47024073034545977,
                0.47606694737004884,
                0.49227017756289776,
                0.47649834415561565,
                0.4690752858426429,
                0.437556344848987
            ]
        ]
    },
    "LLAMBO": {
        "rmse": [
            0.5305361400509648
        ],
        "r2": [
            -1.8089740627151438
        ],
        "nll": [
            -0.2982554923669071
        ],
        "mace": [
            0.28700000000000003
        ],
        "sharpness": [
            0.019772315007188825
        ],
        "observed_coverage": [
            0.3
        ],
        "regret": [
            0.26082297961287626
        ],
        "y_pred": [
            [
                0.45274929999999997,
                0.44318206000000004,
                0.42966978,
                0.5141720408163265,
                0.45631532,
                0.4630130799999999,
                0.45145842,
                0.4619494,
                0.43426603999999996,
                0.4562693
            ]
        ],
        "y_std": [
            [
                0.02282043024594409,
                0.013243042564924425,
                0.014022074510271293,
                0.022439068402539442,
                0.022925173731459487,
                0.00922507487414601,
                0.015019639130272074,
                0.012673530008644001,
                0.011791755022828448,
                0.0371112492924989
            ]
        ],
        "y_true": [
            [
                0.43593006655379957,
                0.5066935711253259,
                0.45549551253328235,
                0.44131980455062775,
                0.47024073034545977,
                0.47606694737004884,
                0.49227017756289776,
                0.47649834415561565,
                0.4690752858426429,
                0.437556344848987
            ]
        ],
        "llm_query_cost": [
            0.066102
        ],
        "llm_query_time": [
            60.03036093711853
        ]
    },
    "LLAMBO_VANILLA": {
        "rmse": [
            0.6227466117493029
        ],
        "r2": [
            -2.8702634537953156
        ],
        "nll": [
            3.43995329378811
        ],
        "mace": [
            0.3600000000000001
        ],
        "sharpness": [
            0.012725859492304984
        ],
        "observed_coverage": [
            0.2
        ],
        "regret": [
            0.26082297961287626
        ],
        "y_pred": [
            [
                0.4394143,
                0.4390798,
                0.4278048,
                0.5072531,
                0.4421303,
                0.45703850000000007,
                0.44429379999999996,
                0.4532871,
                0.4742598,
                0.5130696666666666
            ]
        ],
        "y_std": [
            [
                0.004690436419993349,
                0.012764091724834954,
                0.010995718865085621,
                0.014911940111534776,
                0.012658728554242726,
                0.004638558984210502,
                0.009059975273696938,
                0.009844263044535131,
                0.023459472196961297,
                0.013423182740650174
            ]
        ],
        "y_true": [
            [
                0.43593006655379957,
                0.5066935711253259,
                0.45549551253328235,
                0.44131980455062775,
                0.47024073034545977,
                0.47606694737004884,
                0.49227017756289776,
                0.47649834415561565,
                0.4690752858426429,
                0.437556344848987
            ]
        ],
        "llm_query_cost": [
            0.013222000000000001
        ],
        "llm_query_time": [
            2.10752272605896
        ]
    }
}