{
    "GP": {
        "rmse": [
            0.6879680502094013
        ],
        "r2": [
            -3.7233956124951293
        ],
        "nll": [
            -1.9805204458485384
        ],
        "mace": [
            0.12031313131313136
        ],
        "sharpness": [
            0.040634806792093636
        ],
        "observed_coverage": [
            0.5
        ],
        "regret": [
            0.021679585074387463
        ],
        "y_pred": [
            [
                0.5193188695093838,
                0.5066935711253251,
                0.4759528623984295,
                0.4568199638940911,
                0.4724526260191624,
                0.47332540656115185,
                0.5153679783612404,
                0.4637851873173986,
                0.43267100788198576,
                0.319002091207512
            ]
        ],
        "y_std": [
            [
                0.025726132671114503,
                1e-05,
                0.032106464230363084,
                0.02941718618239809,
                0.006068925126418151,
                0.006673157054253305,
                0.011677644609101197,
                0.0032703449241804393,
                0.012591666688402775,
                0.11647690695171439
            ]
        ],
        "y_true": [
            [
                0.43593006655379957,
                0.5066935711253259,
                0.45549551253328235,
                0.44131980455062775,
                0.47024073034545977,
                0.47606694737004884,
                0.49227017756289776,
                0.47649834415561565,
                0.4690752858426429,
                0.437556344848987
            ]
        ]
    },
    "SMAC": {
        "rmse": [
            0.30338277623000803
        ],
        "r2": [
            0.08145671877396699
        ],
        "nll": [
            -2.4199002034813675
        ],
        "mace": [
            0.06623232323232321
        ],
        "sharpness": [
            0.025964756449802638
        ],
        "observed_coverage": [
            0.8
        ],
        "regret": [
            0.26082297961287626
        ],
        "y_pred": [
            [
                0.48418578211906743,
                0.4845098744789341,
                0.46609674335331575,
                0.46744426215820745,
                0.47924050267630014,
                0.479509128466186,
                0.4826682430305251,
                0.4589630166620599,
                0.4659603993703031,
                0.459717086297482
            ]
        ],
        "y_std": [
            [
                0.027072922926232184,
                0.026534582142582,
                0.03199091711802801,
                0.031173417040050798,
                0.023418816534171157,
                0.024976173465467637,
                0.019548051877194744,
                0.017193313559442425,
                0.02760619652218471,
                0.026407748921717735
            ]
        ],
        "y_true": [
            [
                0.43593006655379957,
                0.5066935711253259,
                0.45549551253328235,
                0.44131980455062775,
                0.47024073034545977,
                0.47606694737004884,
                0.49227017756289776,
                0.47649834415561565,
                0.4690752858426429,
                0.437556344848987
            ]
        ]
    },
    "LLAMBO": {
        "rmse": [
            0.21512148148557217
        ],
        "r2": [
            0.5381665951950783
        ],
        "nll": [
            -3.433588919695974
        ],
        "mace": [
            0.09169696969696972
        ],
        "sharpness": [
            0.018091890340891415
        ],
        "observed_coverage": [
            0.5
        ],
        "regret": [
            0.021679585074387463
        ],
        "y_pred": [
            [
                0.45255148,
                0.506694,
                0.47118733999999995,
                0.4500128400000001,
                0.45150273999999996,
                0.46169920000000003,
                0.46797780000000005,
                0.46214373999999997,
                0.45444052,
                0.44985887999999996
            ]
        ],
        "y_std": [
            [
                0.016350134021762636,
                1e-05,
                0.02844348231044153,
                0.015409551630543965,
                0.01856602488936175,
                0.011291587799773775,
                0.017511397180122436,
                0.010057793666227199,
                0.021138472604462225,
                0.025149781454827796
            ]
        ],
        "y_true": [
            [
                0.43593006655379957,
                0.5066935711253259,
                0.45549551253328235,
                0.44131980455062775,
                0.47024073034545977,
                0.47606694737004884,
                0.49227017756289776,
                0.47649834415561565,
                0.4690752858426429,
                0.437556344848987
            ]
        ],
        "llm_query_cost": [
            0.114098
        ],
        "llm_query_time": [
            61.73200273513794
        ]
    },
    "LLAMBO_VANILLA": {
        "rmse": [
            0.3127725367441211
        ],
        "r2": [
            0.023718617785074114
        ],
        "nll": [
            -2.218842628290441
        ],
        "mace": [
            0.23012121212121214
        ],
        "sharpness": [
            0.012617936593476766
        ],
        "observed_coverage": [
            0.3
        ],
        "regret": [
            0.021679585074387463
        ],
        "y_pred": [
            [
                0.44672539999999994,
                0.5066939999999999,
                0.5072913,
                0.4648267,
                0.4530285,
                0.45788520000000005,
                0.47501990000000005,
                0.46928339999999996,
                0.4458622,
                0.44316130000000004
            ]
        ],
        "y_std": [
            [
                0.012293321302235625,
                1e-05,
                0.019223170274697155,
                0.01978325048140471,
                0.014195244156054517,
                0.009326537082969216,
                0.012809378075847403,
                0.0017292629759524795,
                0.008024377182062175,
                0.01265463228268605
            ]
        ],
        "y_true": [
            [
                0.43593006655379957,
                0.5066935711253259,
                0.45549551253328235,
                0.44131980455062775,
                0.47024073034545977,
                0.47606694737004884,
                0.49227017756289776,
                0.47649834415561565,
                0.4690752858426429,
                0.437556344848987
            ]
        ],
        "llm_query_cost": [
            0.022819999999999997
        ],
        "llm_query_time": [
            59.14069437980652
        ]
    }
}