{
    "GP": {
        "rmse": [
            0.9215278855022275
        ],
        "r2": [
            -7.474903181975625
        ],
        "nll": [
            -2.630689074986905
        ],
        "mace": [
            0.13990909090909087
        ],
        "sharpness": [
            0.08017592055314139
        ],
        "observed_coverage": [
            0.9
        ],
        "regret": [
            0.021679585074387463
        ],
        "y_pred": [
            [
                0.45931213278516836,
                0.5066935711253322,
                0.4482270561660098,
                0.4248266719708944,
                0.4488698843040364,
                0.4780417955388607,
                0.4836007936889022,
                0.4547952380905915,
                0.4464001412151575,
                0.23722757596715738
            ]
        ],
        "y_std": [
            [
                0.04733931692656122,
                1e-05,
                0.10057068351559043,
                0.061702333176226254,
                0.021970605525527556,
                0.016822784935968588,
                0.03653731872889434,
                0.008010999670561958,
                0.04084087135464582,
                0.2104430775468617
            ]
        ],
        "y_true": [
            [
                0.43593006655379957,
                0.5066935711253259,
                0.45549551253328235,
                0.44131980455062775,
                0.47024073034545977,
                0.47606694737004884,
                0.49227017756289776,
                0.47649834415561565,
                0.4690752858426429,
                0.437556344848987
            ]
        ]
    },
    "SMAC": {
        "rmse": [
            0.21256948060410988
        ],
        "r2": [
            0.5490591229535863
        ],
        "nll": [
            -2.854861151145317
        ],
        "mace": [
            0.10175757575757576
        ],
        "sharpness": [
            0.017784191709732198
        ],
        "observed_coverage": [
            0.7
        ],
        "regret": [
            0.26082297961287626
        ],
        "y_pred": [
            [
                0.46553335987277006,
                0.49616034302400247,
                0.44749332654704316,
                0.4490713538462564,
                0.47463543108693756,
                0.48396121214992316,
                0.4713556341187071,
                0.4644519374588809,
                0.45616922786201647,
                0.45545907222746473
            ]
        ],
        "y_std": [
            [
                0.02737563589961057,
                0.008623085777867735,
                0.018368012121179403,
                0.018211825614682514,
                0.013120200800964137,
                0.01243028489171226,
                0.02523259156394146,
                0.008443934297791786,
                0.01415172788129695,
                0.020857384301729214
            ]
        ],
        "y_true": [
            [
                0.43593006655379957,
                0.5066935711253259,
                0.45549551253328235,
                0.44131980455062775,
                0.47024073034545977,
                0.47606694737004884,
                0.49227017756289776,
                0.47649834415561565,
                0.4690752858426429,
                0.437556344848987
            ]
        ]
    },
    "LLAMBO": {
        "rmse": [
            0.21241777563887976
        ],
        "r2": [
            0.549702541366484
        ],
        "nll": [
            -3.4194960890573833
        ],
        "mace": [
            0.04496969696969698
        ],
        "sharpness": [
            0.01773967624447414
        ],
        "observed_coverage": [
            0.7
        ],
        "regret": [
            0.021679585074387463
        ],
        "y_pred": [
            [
                0.45389304,
                0.506694,
                0.4552910199999999,
                0.4460561400000001,
                0.46112303999999993,
                0.46182898,
                0.46083912000000005,
                0.4633257000000001,
                0.45205579999999995,
                0.45087362
            ]
        ],
        "y_std": [
            [
                0.022359225825560252,
                1e-05,
                0.019469445924822824,
                0.0173002204251969,
                0.026402740378195608,
                0.012941607749410427,
                0.016124475509783256,
                0.013242487869354457,
                0.012406141990159552,
                0.022689306656564018
            ]
        ],
        "y_true": [
            [
                0.43593006655379957,
                0.5066935711253259,
                0.45549551253328235,
                0.44131980455062775,
                0.47024073034545977,
                0.47606694737004884,
                0.49227017756289776,
                0.47649834415561565,
                0.4690752858426429,
                0.437556344848987
            ]
        ],
        "llm_query_cost": [
            0.16210000000000002
        ],
        "llm_query_time": [
            120.18144869804382
        ]
    },
    "LLAMBO_VANILLA": {
        "rmse": [
            0.24004784938972282
        ],
        "r2": [
            0.42493965403318434
        ],
        "nll": [
            1.5794936395354013
        ],
        "mace": [
            0.07595959595959599
        ],
        "sharpness": [
            0.018101400714861823
        ],
        "observed_coverage": [
            0.6
        ],
        "regret": [
            0.0718495006523037
        ],
        "y_pred": [
            [
                0.4490121,
                0.5066939999999999,
                0.4786143,
                0.46154830000000013,
                0.47231690000000004,
                0.4737178999999999,
                0.46094290000000004,
                0.46881169999999994,
                0.46596030000000005,
                0.464214
            ]
        ],
        "y_std": [
            [
                0.013154669280905544,
                1e-05,
                0.026190124864345327,
                0.02918754567979295,
                0.024955956833790215,
                0.01169645813440975,
                0.01797971555642637,
                0.0007431000000000021,
                0.01328508611978109,
                0.017487235190275216
            ]
        ],
        "y_true": [
            [
                0.43593006655379957,
                0.5066935711253259,
                0.45549551253328235,
                0.44131980455062775,
                0.47024073034545977,
                0.47606694737004884,
                0.49227017756289776,
                0.47649834415561565,
                0.4690752858426429,
                0.437556344848987
            ]
        ],
        "llm_query_cost": [
            0.03242000000000001
        ],
        "llm_query_time": [
            59.79995536804199
        ]
    }
}