{
    "GP": {
        "rmse": [
            1.3630441174455024
        ],
        "r2": [
            -17.541190157250952
        ],
        "nll": [
            1.0962643234225748
        ],
        "mace": [
            0.20593939393939398
        ],
        "sharpness": [
            0.10641981991707156
        ],
        "observed_coverage": [
            0.4
        ],
        "regret": [
            0.02298187893653009
        ],
        "y_pred": [
            [
                0.4900073898478894,
                0.5313321450200718,
                0.4704970888029219,
                0.5440287026096314,
                0.4670746583035373,
                0.5123681659332633,
                0.5046721330117069,
                0.47902470973225975,
                0.43354042255304787,
                0.16191706450221555
            ]
        ],
        "y_std": [
            [
                0.015966300888348574,
                0.007963452334628172,
                0.03283635260490387,
                0.020874856636674485,
                0.003156697466666175,
                0.007349815184834931,
                0.023048022161676566,
                0.038000903992255766,
                0.01075930341813057,
                0.33055170324882077
            ]
        ],
        "y_true": [
            [
                0.43593006655379957,
                0.5066935711253259,
                0.45549551253328235,
                0.44131980455062775,
                0.47024073034545977,
                0.47606694737004884,
                0.49227017756289776,
                0.47649834415561565,
                0.4690752858426429,
                0.437556344848987
            ]
        ]
    },
    "SMAC": {
        "rmse": [
            0.33192427863505547
        ],
        "r2": [
            -0.09950149087279825
        ],
        "nll": [
            -1.6608641057962672
        ],
        "mace": [
            0.17925252525252533
        ],
        "sharpness": [
            0.01232303815525035
        ],
        "observed_coverage": [
            0.4
        ],
        "regret": [
            0.0
        ],
        "y_pred": [
            [
                0.4731805418698067,
                0.4731805418698067,
                0.4731805418698067,
                0.4731805418698067,
                0.4731805418698067,
                0.4731805418698067,
                0.4731805418698067,
                0.4731805418698067,
                0.4731805418698067,
                0.4731805418698067
            ]
        ],
        "y_std": [
            [
                0.01232303815525035,
                0.01232303815525035,
                0.01232303815525035,
                0.01232303815525035,
                0.01232303815525035,
                0.01232303815525035,
                0.01232303815525035,
                0.01232303815525035,
                0.01232303815525035,
                0.01232303815525035
            ]
        ],
        "y_true": [
            [
                0.43593006655379957,
                0.5066935711253259,
                0.45549551253328235,
                0.44131980455062775,
                0.47024073034545977,
                0.47606694737004884,
                0.49227017756289776,
                0.47649834415561565,
                0.4690752858426429,
                0.437556344848987
            ]
        ]
    },
    "LLAMBO": {
        "rmse": [
            0.5083186144624531
        ],
        "r2": [
            -1.5786346245484406
        ],
        "nll": [
            -1.8125667479164698
        ],
        "mace": [
            0.16947474747474753
        ],
        "sharpness": [
            0.025898284911728808
        ],
        "observed_coverage": [
            0.3
        ],
        "regret": [
            0.2764906302754753
        ],
        "y_pred": [
            [
                0.47582368,
                0.46582500000000004,
                0.43723728,
                0.5073718399999999,
                0.46801756,
                0.46470668,
                0.45856501999999993,
                0.46099028000000003,
                0.47224482,
                0.49637934
            ]
        ],
        "y_std": [
            [
                0.01627721971153551,
                0.027528579434471363,
                0.04014491125312897,
                0.031481784225396124,
                0.022807257902834353,
                0.011040169588262675,
                0.023786438008655264,
                0.012469088709348411,
                0.027677128272774257,
                0.030860521958392086
            ]
        ],
        "y_true": [
            [
                0.43593006655379957,
                0.5066935711253259,
                0.45549551253328235,
                0.44131980455062775,
                0.47024073034545977,
                0.47606694737004884,
                0.49227017756289776,
                0.47649834415561565,
                0.4690752858426429,
                0.437556344848987
            ]
        ],
        "llm_query_cost": [
            0.04209999999999999
        ],
        "llm_query_time": [
            5.37651252746582
        ]
    },
    "LLAMBO_VANILLA": {
        "rmse": [
            0.41253505746428787
        ],
        "r2": [
            -0.6983981359495008
        ],
        "nll": [
            -1.6205343232622702
        ],
        "mace": [
            0.22
        ],
        "sharpness": [
            0.017807555103943943
        ],
        "observed_coverage": [
            0.3
        ],
        "regret": [
            0.2764906302754753
        ],
        "y_pred": [
            [
                0.4665101,
                0.4916815,
                0.4263704,
                0.48537489999999994,
                0.4845725999999999,
                0.469844,
                0.4822494,
                0.4694971999999999,
                0.48952049999999997,
                0.4988816
            ]
        ],
        "y_std": [
            [
                0.02907544105065304,
                0.013712813104903028,
                0.02340241384643901,
                0.02168092135703645,
                0.010785811913806035,
                0.017303819913533545,
                0.012634176943513176,
                0.013332797124384673,
                0.006324464961559986,
                0.018077379844435408
            ]
        ],
        "y_true": [
            [
                0.43593006655379957,
                0.5066935711253259,
                0.45549551253328235,
                0.44131980455062775,
                0.47024073034545977,
                0.47606694737004884,
                0.49227017756289776,
                0.47649834415561565,
                0.4690752858426429,
                0.437556344848987
            ]
        ],
        "llm_query_cost": [
            0.00842
        ],
        "llm_query_time": [
            2.963176965713501
        ]
    }
}