{"llm_query_cost_breakdown": [0, 0.000693, 0.000693, 0.000693, 0.000693, 0.000693, 0.000693, 0.000693, 0.000693, 0.000693, 0.0006860000000000001], "llm_query_time_breakdown": [2.482170581817627, 8.380255937576294, 8.530609369277954, 8.293970823287964, 9.178693771362305, 9.237405061721802, 11.318003416061401, 10.840479850769043, 10.75805139541626, 10.870954275131226, 12.66572642326355], "llm_query_cost": 0.006923, "llm_query_time": 102.55632090568542}