{
    "GP": {
        "rmse": [
            1.1255587713189061
        ],
        "r2": [
            -9.682913263662382
        ],
        "nll": [
            -0.8162477937056056
        ],
        "mace": [
            0.05284848484848484
        ],
        "sharpness": [
            0.2393905557290543
        ],
        "observed_coverage": [
            0.8
        ],
        "regret": [
            0.15236898947573765
        ],
        "y_pred": [
            [
                0.004307316671630168,
                0.7028850750354234,
                0.6039686903839505,
                0.7221547310208916,
                0.349234982923329,
                0.6425198805041132,
                0.6992307992170694,
                0.49384118809532596,
                0.6864537930411636,
                0.6669554640875752
            ]
        ],
        "y_std": [
            [
                0.45546093260422665,
                0.08225916482962244,
                1e-05,
                0.031701438903463046,
                0.38838541360678913,
                0.05978493397017937,
                0.2657440256442595,
                0.35516157442855834,
                0.0792915955137098,
                0.01994775674834795
            ]
        ],
        "y_true": [
            [
                0.6017288196226791,
                0.6291159766141863,
                0.6039686903839503,
                0.7508540265948078,
                0.5721587305670793,
                0.6064571377743193,
                0.5789808847464856,
                0.6255218723073831,
                0.6949769991928249,
                0.7616747765816018
            ]
        ]
    },
    "SMAC": {
        "rmse": [
            0.3558018747316306
        ],
        "r2": [
            -0.06750474224192926
        ],
        "nll": [
            -0.31050349599407123
        ],
        "mace": [
            0.298
        ],
        "sharpness": [
            0.03655800355136126
        ],
        "observed_coverage": [
            0.3
        ],
        "regret": [
            0.15236898947573765
        ],
        "y_pred": [
            [
                0.6366975676354448,
                0.690826791029108,
                0.6366975676354448,
                0.690826791029108,
                0.6366975676354448,
                0.690826791029108,
                0.690826791029108,
                0.6366975676354448,
                0.6366975676354448,
                0.6697596554888141
            ]
        ],
        "y_std": [
            [
                0.041014459506170546,
                0.03029185491260226,
                0.041014459506170546,
                0.03029185491260226,
                0.041014459506170546,
                0.03029185491260226,
                0.03029185491260226,
                0.041014459506170546,
                0.041014459506170546,
                0.03582681813268272
            ]
        ],
        "y_true": [
            [
                0.6017288196226791,
                0.6291159766141863,
                0.6039686903839503,
                0.7508540265948078,
                0.5721587305670793,
                0.6064571377743193,
                0.5789808847464856,
                0.6255218723073831,
                0.6949769991928249,
                0.7616747765816018
            ]
        ]
    },
    "LLAMBO": {
        "rmse": [
            0.374316986783283
        ],
        "r2": [
            -0.18149645037626239
        ],
        "nll": [
            -1.2587149757227891
        ],
        "mace": [
            0.28860606060606064
        ],
        "sharpness": [
            0.04919947001747072
        ],
        "observed_coverage": [
            0.1
        ],
        "regret": [
            0.0
        ],
        "y_pred": [
            [
                0.5531999999999999,
                0.6066,
                0.60195,
                0.63792,
                0.5846800000000001,
                0.6954,
                0.6904600000000001,
                0.56286,
                0.64428,
                0.67386
            ]
        ],
        "y_std": [
            [
                0.027765662246739237,
                0.021377651882281194,
                0.0019500000000000073,
                0.04959199128891682,
                0.07512768863741252,
                0.0450613359766441,
                0.0637544853324062,
                0.03104014175225367,
                0.0288133580132549,
                0.08355684532101484
            ]
        ],
        "y_true": [
            [
                0.6017288196226791,
                0.6291159766141863,
                0.6039686903839503,
                0.7508540265948078,
                0.5721587305670793,
                0.6064571377743193,
                0.5789808847464856,
                0.6255218723073831,
                0.6949769991928249,
                0.7616747765816018
            ]
        ],
        "llm_query_cost": [
            0.0013999999999999996
        ],
        "llm_query_time": [
            22.32929801940918
        ]
    },
    "LLAMBO_VANILLA": {
        "rmse": [
            0.36305454368972995
        ],
        "r2": [
            -0.11146835345019124
        ],
        "nll": [
            NaN
        ],
        "mace": [
            0.49
        ],
        "sharpness": [
            1e-05
        ],
        "observed_coverage": [
            0.0
        ],
        "regret": [
            0.0
        ],
        "y_pred": [
            [
                0.5973,
                0.6285,
                0.6063,
                0.6259,
                0.5289,
                0.6123,
                0.6185,
                0.5312,
                0.6293,
                0.6391
            ]
        ],
        "y_std": [
            [
                1e-05,
                1e-05,
                1e-05,
                1e-05,
                1e-05,
                1e-05,
                1e-05,
                1e-05,
                1e-05,
                1e-05
            ]
        ],
        "y_true": [
            [
                0.6017288196226791,
                0.6291159766141863,
                0.6039686903839503,
                0.7508540265948078,
                0.5721587305670793,
                0.6064571377743193,
                0.5789808847464856,
                0.6255218723073831,
                0.6949769991928249,
                0.7616747765816018
            ]
        ],
        "llm_query_cost": [
            0.00028
        ],
        "llm_query_time": [
            3.3849544525146484
        ]
    }
}