{
    "GP": {
        "rmse": [
            1.332156329061297
        ],
        "r2": [
            -13.964552484035268
        ],
        "nll": [
            0.25031525210957034
        ],
        "mace": [
            0.07473737373737378
        ],
        "sharpness": [
            0.26263790336022586
        ],
        "observed_coverage": [
            0.6
        ],
        "regret": [
            0.12798868197279492
        ],
        "y_pred": [
            [
                0.0015742672214694449,
                0.6292412175418862,
                0.6039686903839511,
                0.686293877360824,
                0.21507593882768417,
                0.620682150767669,
                0.4357468802780424,
                0.29329893827987985,
                0.5920144377572143,
                0.699768156728199
            ]
        ],
        "y_std": [
            [
                0.4747087232519194,
                0.01816750021857503,
                1e-05,
                0.015259150534106461,
                0.44907768910001905,
                0.048587091560646986,
                0.2644448216498346,
                0.4264150103711485,
                0.08921413098379698,
                0.011133229347396889
            ]
        ],
        "y_true": [
            [
                0.6017288196226791,
                0.6291159766141863,
                0.6039686903839503,
                0.7508540265948078,
                0.5721587305670793,
                0.6064571377743193,
                0.5789808847464856,
                0.6255218723073831,
                0.6949769991928249,
                0.7616747765816018
            ]
        ]
    },
    "SMAC": {
        "rmse": [
            0.2859347176083749
        ],
        "r2": [
            0.31057484047865025
        ],
        "nll": [
            -0.6065166752184789
        ],
        "mace": [
            0.17300000000000001
        ],
        "sharpness": [
            0.037303880288559674
        ],
        "observed_coverage": [
            0.3
        ],
        "regret": [
            0.5315962455856393
        ],
        "y_pred": [
            [
                0.605669620504747,
                0.6529821638243525,
                0.6186973659235746,
                0.6939438181668282,
                0.6116305596177715,
                0.6813483670047205,
                0.6584509871014187,
                0.6086578986329517,
                0.6286760361680571,
                0.6770494138951484
            ]
        ],
        "y_std": [
            [
                0.013483772907544156,
                0.022150330670415826,
                0.04001474151805714,
                0.043043913893535915,
                0.03408495708118075,
                0.02249557081540679,
                0.01844204173123289,
                0.04417483551590428,
                0.060469341349040105,
                0.04662066342698788
            ]
        ],
        "y_true": [
            [
                0.6017288196226791,
                0.6291159766141863,
                0.6039686903839503,
                0.7508540265948078,
                0.5721587305670793,
                0.6064571377743193,
                0.5789808847464856,
                0.6255218723073831,
                0.6949769991928249,
                0.7616747765816018
            ]
        ]
    },
    "LLAMBO": {
        "rmse": [
            0.45810535749066905
        ],
        "r2": [
            -0.7696365944451904
        ],
        "nll": [
            -0.9495003750424182
        ],
        "mace": [
            0.22000000000000008
        ],
        "sharpness": [
            0.07054274219105273
        ],
        "observed_coverage": [
            0.4
        ],
        "regret": [
            0.5315962455856393
        ],
        "y_pred": [
            [
                0.5804750000000001,
                0.5641400000000001,
                0.6062666666666666,
                0.5860333333333334,
                0.67976,
                0.6782999999999999,
                0.6467333333333333,
                0.574225,
                0.6491,
                0.629525
            ]
        ],
        "y_std": [
            [
                0.029331840634368646,
                0.041015831089958425,
                0.0017133463034528528,
                0.04653932626165624,
                0.10399258819742875,
                0.09608042464518982,
                0.08500499331738628,
                0.026960468745925,
                0.09876059943114965,
                0.08543422543102969
            ]
        ],
        "y_true": [
            [
                0.6017288196226791,
                0.6291159766141863,
                0.6039686903839503,
                0.7508540265948078,
                0.5721587305670793,
                0.6064571377743193,
                0.5789808847464856,
                0.6255218723073831,
                0.6949769991928249,
                0.7616747765816018
            ]
        ],
        "llm_query_cost": [
            0.0013999999999999996
        ],
        "llm_query_time": [
            32.330124378204346
        ]
    },
    "LLAMBO_VANILLA": {
        "rmse": [
            0.6768676491224641
        ],
        "r2": [
            -2.8633216143172953
        ],
        "nll": [
            NaN
        ],
        "mace": [
            0.49
        ],
        "sharpness": [
            1e-05
        ],
        "observed_coverage": [
            0.0
        ],
        "regret": [
            0.12798868197279492
        ],
        "y_pred": [
            [
                0.5351,
                0.5351,
                0.5351,
                0.5351,
                0.5351,
                0.7291,
                0.5351,
                0.5566555555555556,
                0.5351,
                0.5351
            ]
        ],
        "y_std": [
            [
                1e-05,
                1e-05,
                1e-05,
                1e-05,
                1e-05,
                1e-05,
                1e-05,
                1e-05,
                1e-05,
                1e-05
            ]
        ],
        "y_true": [
            [
                0.6017288196226791,
                0.6291159766141863,
                0.6039686903839503,
                0.7508540265948078,
                0.5721587305670793,
                0.6064571377743193,
                0.5789808847464856,
                0.6255218723073831,
                0.6949769991928249,
                0.7616747765816018
            ]
        ],
        "llm_query_cost": [
            0.00028
        ],
        "llm_query_time": [
            4.187887907028198
        ]
    }
}