{
    "GP": {
        "rmse": [
            0.9070626024534653
        ],
        "r2": [
            -5.937897386011713
        ],
        "nll": [
            8.443105889806404
        ],
        "mace": [
            0.28900000000000003
        ],
        "sharpness": [
            0.09568814757609777
        ],
        "observed_coverage": [
            0.3
        ],
        "regret": [
            0.15602947442948362
        ],
        "y_pred": [
            [
                0.09386228992292309,
                0.7115424184291623,
                0.5377409580339954,
                0.7287417128316317,
                0.6403969019138136,
                0.7010946883623959,
                0.6794659809092917,
                0.639557634884175,
                0.7319967736011335,
                0.736553078783719
            ]
        ],
        "y_std": [
            [
                0.23256723643579272,
                0.018022388843712038,
                0.09222199205854928,
                0.005344416799967446,
                0.12084546994114374,
                0.007567463526315061,
                0.05183276314585879,
                0.10420530132924329,
                0.018801306158990363,
                0.007527809043853216
            ]
        ],
        "y_true": [
            [
                0.6017288196226791,
                0.6291159766141863,
                0.6039686903839503,
                0.7508540265948078,
                0.5721587305670793,
                0.6064571377743193,
                0.5789808847464856,
                0.6255218723073831,
                0.6949769991928249,
                0.7616747765816018
            ]
        ]
    },
    "SMAC": {
        "rmse": [
            0.34529778920386683
        ],
        "r2": [
            -0.005404777004307082
        ],
        "nll": [
            -0.46887120641474594
        ],
        "mace": [
            0.31500000000000006
        ],
        "sharpness": [
            0.03237773463737623
        ],
        "observed_coverage": [
            0.2
        ],
        "regret": [
            0.15602947442948362
        ],
        "y_pred": [
            [
                0.6473417688884107,
                0.6473417688884107,
                0.6473417688884107,
                0.6473417688884107,
                0.6473417688884107,
                0.6473417688884107,
                0.6473417688884107,
                0.6473417688884107,
                0.6473417688884107,
                0.6473417688884107
            ]
        ],
        "y_std": [
            [
                0.03237773463737623,
                0.03237773463737623,
                0.03237773463737623,
                0.03237773463737623,
                0.03237773463737623,
                0.03237773463737623,
                0.03237773463737623,
                0.03237773463737623,
                0.03237773463737623,
                0.03237773463737623
            ]
        ],
        "y_true": [
            [
                0.6017288196226791,
                0.6291159766141863,
                0.6039686903839503,
                0.7508540265948078,
                0.5721587305670793,
                0.6064571377743193,
                0.5789808847464856,
                0.6255218723073831,
                0.6949769991928249,
                0.7616747765816018
            ]
        ]
    },
    "LLAMBO": {
        "rmse": [
            0.30908388891423205
        ],
        "r2": [
            0.19442480570414034
        ],
        "nll": [
            7.787784248836223
        ],
        "mace": [
            0.29600000000000004
        ],
        "sharpness": [
            0.032930479498482865
        ],
        "observed_coverage": [
            0.2
        ],
        "regret": [
            0.16784837213432255
        ],
        "y_pred": [
            [
                0.5559800000000001,
                0.62436,
                0.5490999999999999,
                0.6858,
                0.5957000000000001,
                0.64298,
                0.64096,
                0.5720599999999999,
                0.6304000000000001,
                0.6512399999999999
            ]
        ],
        "y_std": [
            [
                0.02538293915211551,
                0.01908943163114085,
                0.03613646357904991,
                0.021027220453497884,
                0.07230778657931664,
                0.02012812957033018,
                0.03468467096571624,
                0.032636703264882626,
                0.010144160882004963,
                0.009101340560598768
            ]
        ],
        "y_true": [
            [
                0.6017288196226791,
                0.6291159766141863,
                0.6039686903839503,
                0.7508540265948078,
                0.5721587305670793,
                0.6064571377743193,
                0.5789808847464856,
                0.6255218723073831,
                0.6949769991928249,
                0.7616747765816018
            ]
        ],
        "llm_query_cost": [
            0.0013999999999999996
        ],
        "llm_query_time": [
            17.005818367004395
        ]
    },
    "LLAMBO_VANILLA": {
        "rmse": [
            0.3539474902689252
        ],
        "r2": [
            -0.0564063992790802
        ],
        "nll": [
            NaN
        ],
        "mace": [
            0.49
        ],
        "sharpness": [
            1e-05
        ],
        "observed_coverage": [
            0.0
        ],
        "regret": [
            0.15602947442948362
        ],
        "y_pred": [
            [
                0.5398,
                0.5647,
                0.5681,
                0.6537,
                0.5932,
                0.6432,
                0.6589,
                0.5637,
                0.6427,
                0.6542
            ]
        ],
        "y_std": [
            [
                1e-05,
                1e-05,
                1e-05,
                1e-05,
                1e-05,
                1e-05,
                1e-05,
                1e-05,
                1e-05,
                1e-05
            ]
        ],
        "y_true": [
            [
                0.6017288196226791,
                0.6291159766141863,
                0.6039686903839503,
                0.7508540265948078,
                0.5721587305670793,
                0.6064571377743193,
                0.5789808847464856,
                0.6255218723073831,
                0.6949769991928249,
                0.7616747765816018
            ]
        ],
        "llm_query_cost": [
            0.00028
        ],
        "llm_query_time": [
            3.250124931335449
        ]
    }
}