{"llm_query_cost_breakdown": [0, 0.00043400000000000003, 0.000441, 0.0006580000000000001, 0.000441, 0.000441, 0.000441, 0.000441, 0.00043400000000000003, 0.0004795, 0.00044800000000000005], "llm_query_time_breakdown": [0.4574260711669922, 16.22900104522705, 18.879965782165527, 20.532578945159912, 20.72170400619507, 21.255523681640625, 24.70815682411194, 28.51428723335266, 27.329593658447266, 28.868423223495483, 34.745339155197144], "llm_query_cost": 0.0046584999999999994, "llm_query_time": 242.24199962615967}