{"llm_query_cost_breakdown": [0, 0.01972, 0.021828000000000004, 0.023952, 0.021536, 0.025719999999999996, 0.025, 0.03523799999999999, 0.034508, 0.03343, 0.035316, 0.026428, 0.02398, 0.0331, 0.04300400000000001, 0.040548, 0.04683799999999999, 0.044, 0.040788, 0.047456, 0.03852], "llm_query_time_breakdown": [0.23035740852355957, 3.117384433746338, 2.7588961124420166, 3.1681203842163086, 45.26269865036011, 3.139098644256592, 3.436307668685913, 53.7244987487793, 3.035402774810791, 3.0512986183166504, 54.82978010177612, 3.5811586380004883, 2.339679002761841, 55.40637469291687, 3.7506604194641113, 54.85678195953369, 57.74848175048828, 3.261141777038574, 57.65125751495361, 3.4139716625213623, 56.35483527183533], "llm_query_cost": 0.66091, "llm_query_time": 474.11818623542786}