{"llm_query_cost_breakdown": [0, 0.0006860000000000001, 0.000693, 0.000693, 0.0006860000000000001, 0.000693, 0.000693, 0.000693, 0.000693, 0.000693, 0.0006860000000000001], "llm_query_time_breakdown": [2.557321071624756, 8.513763189315796, 8.820112705230713, 7.850566148757935, 9.753437042236328, 9.244750738143921, 10.272715330123901, 10.846466541290283, 12.1415536403656, 12.415136814117432, 11.614262819290161], "llm_query_cost": 0.006909, "llm_query_time": 104.03008604049683}