{"llm_query_cost_breakdown": [0, 0.019753000000000007, 0.021873, 0.023981, 0.026093, 0.025749999999999995, 0.030321, 0.03242500000000001, 0.03453899999999999, 0.03343, 0.035354000000000003, 0.033658999999999994, 0.031584, 0.037111000000000005, 0.030484999999999998, 0.027445999999999998, 0.037728000000000005, 0.034513, 0.045766999999999995, 0.05777300000000001, 0.043872], "llm_query_time_breakdown": [0.040071964263916016, 3.6511032581329346, 2.747042417526245, 2.9566290378570557, 51.13123059272766, 3.0715818405151367, 3.4445674419403076, 53.880842447280884, 4.388836622238159, 3.7060797214508057, 55.61773610115051, 3.7781214714050293, 54.65870642662048, 3.2852680683135986, 55.40668249130249, 3.700843572616577, 3.6450870037078857, 54.74656891822815, 3.627275228500366, 57.638829946517944, 56.9837384223938], "llm_query_cost": 0.663457, "llm_query_time": 482.10684299468994}