{
    "GP": {
        "rmse": [
            1.7927184126960918
        ],
        "r2": [
            -31.07317401375709
        ],
        "nll": [
            -1.678813350057244
        ],
        "mace": [
            0.25500000000000006
        ],
        "sharpness": [
            0.08234133786374757
        ],
        "observed_coverage": [
            0.2
        ],
        "regret": [
            0.021679585074387463
        ],
        "y_pred": [
            [
                0.5047069317861443,
                0.5207762195611085,
                0.49242443098366584,
                0.47032453809381103,
                0.4766343445175547,
                0.4723577429487218,
                0.5144923049683139,
                0.4424940277606777,
                0.4413547867586405,
                0.048550718443125584
            ]
        ],
        "y_std": [
            [
                0.02178954299242865,
                0.012891727802135076,
                0.028793399845745256,
                0.028964390690761142,
                0.007351310150268348,
                0.010383399953045831,
                0.01669844999452327,
                0.02206766672834529,
                0.015344774397375737,
                0.2536313142649019
            ]
        ],
        "y_true": [
            [
                0.43593006655379957,
                0.5066935711253259,
                0.45549551253328235,
                0.44131980455062775,
                0.47024073034545977,
                0.47606694737004884,
                0.49227017756289776,
                0.47649834415561565,
                0.4690752858426429,
                0.437556344848987
            ]
        ]
    },
    "SMAC": {
        "rmse": [
            0.3058306015661753
        ],
        "r2": [
            0.0665745015418927
        ],
        "nll": [
            -2.4301859564194386
        ],
        "mace": [
            0.10452525252525259
        ],
        "sharpness": [
            0.019142209668296887
        ],
        "observed_coverage": [
            0.5
        ],
        "regret": [
            0.021679585074387463
        ],
        "y_pred": [
            [
                0.47614607633752476,
                0.47534342206051866,
                0.4647551130915675,
                0.4647551130915675,
                0.4637231801737774,
                0.47534342206051866,
                0.47159869289945466,
                0.45990006313133075,
                0.4561553339702668,
                0.4607027174083369
            ]
        ],
        "y_std": [
            [
                0.021222025771335626,
                0.017821826278347153,
                0.019985257078215843,
                0.019985257078215843,
                0.020434970020508834,
                0.017821826278347153,
                0.018856839721250174,
                0.017671928433327173,
                0.014891144914685914,
                0.02173936272801953
            ]
        ],
        "y_true": [
            [
                0.43593006655379957,
                0.5066935711253259,
                0.45549551253328235,
                0.44131980455062775,
                0.47024073034545977,
                0.47606694737004884,
                0.49227017756289776,
                0.47649834415561565,
                0.4690752858426429,
                0.437556344848987
            ]
        ]
    },
    "LLAMBO": {
        "rmse": [
            0.5254575604386906
        ],
        "r2": [
            -1.7554534132707444
        ],
        "nll": [
            1.140249128715234
        ],
        "mace": [
            0.19114141414141422
        ],
        "sharpness": [
            0.02190708879437075
        ],
        "observed_coverage": [
            0.4
        ],
        "regret": [
            0.26082297961287626
        ],
        "y_pred": [
            [
                0.45815,
                0.43747499999999995,
                0.4584,
                0.4978,
                0.43,
                0.45366666666666666,
                0.436975,
                0.4655,
                0.4706333333333333,
                0.44392000000000004
            ]
        ],
        "y_std": [
            [
                0.02815000000000001,
                0.012041049580497539,
                0.04109817514196952,
                0.01855658014469979,
                1e-05,
                0.017326921891156033,
                0.010481024520532333,
                0.005499999999999977,
                0.027601006422874438,
                0.025024979520471134
            ]
        ],
        "y_true": [
            [
                0.43593006655379957,
                0.5066935711253259,
                0.45549551253328235,
                0.44131980455062775,
                0.47024073034545977,
                0.47606694737004884,
                0.49227017756289776,
                0.47649834415561565,
                0.4690752858426429,
                0.437556344848987
            ]
        ],
        "llm_query_cost": [
            0.0013999999999999996
        ],
        "llm_query_time": [
            23.081480979919434
        ]
    },
    "LLAMBO_VANILLA": {
        "rmse": [
            0.3515839713819356
        ],
        "r2": [
            -0.23360442169493845
        ],
        "nll": [
            NaN
        ],
        "mace": [
            0.49
        ],
        "sharpness": [
            1e-05
        ],
        "observed_coverage": [
            0.0
        ],
        "regret": [
            0.021679585074387463
        ],
        "y_pred": [
            [
                0.45125,
                0.4593,
                0.4682,
                0.45125,
                0.45125,
                0.45125,
                0.4575,
                0.45125,
                0.45125,
                0.42
            ]
        ],
        "y_std": [
            [
                1e-05,
                1e-05,
                1e-05,
                1e-05,
                1e-05,
                1e-05,
                1e-05,
                1e-05,
                1e-05,
                1e-05
            ]
        ],
        "y_true": [
            [
                0.43593006655379957,
                0.5066935711253259,
                0.45549551253328235,
                0.44131980455062775,
                0.47024073034545977,
                0.47606694737004884,
                0.49227017756289776,
                0.47649834415561565,
                0.4690752858426429,
                0.437556344848987
            ]
        ],
        "llm_query_cost": [
            0.00028
        ],
        "llm_query_time": [
            3.5016446113586426
        ]
    }
}