{
    "GP": {
        "rmse": [
            0.6879680502094013
        ],
        "r2": [
            -3.7233956124951293
        ],
        "nll": [
            -1.9805204458485384
        ],
        "mace": [
            0.12031313131313136
        ],
        "sharpness": [
            0.040634806792093636
        ],
        "observed_coverage": [
            0.5
        ],
        "regret": [
            0.021679585074387463
        ],
        "y_pred": [
            [
                0.5193188695093838,
                0.5066935711253251,
                0.4759528623984295,
                0.4568199638940911,
                0.4724526260191624,
                0.47332540656115185,
                0.5153679783612404,
                0.4637851873173986,
                0.43267100788198576,
                0.319002091207512
            ]
        ],
        "y_std": [
            [
                0.025726132671114503,
                1e-05,
                0.032106464230363084,
                0.02941718618239809,
                0.006068925126418151,
                0.006673157054253305,
                0.011677644609101197,
                0.0032703449241804393,
                0.012591666688402775,
                0.11647690695171439
            ]
        ],
        "y_true": [
            [
                0.43593006655379957,
                0.5066935711253259,
                0.45549551253328235,
                0.44131980455062775,
                0.47024073034545977,
                0.47606694737004884,
                0.49227017756289776,
                0.47649834415561565,
                0.4690752858426429,
                0.437556344848987
            ]
        ]
    },
    "SMAC": {
        "rmse": [
            0.30338277623000803
        ],
        "r2": [
            0.08145671877396699
        ],
        "nll": [
            -2.4199002034813675
        ],
        "mace": [
            0.06623232323232321
        ],
        "sharpness": [
            0.025964756449802638
        ],
        "observed_coverage": [
            0.8
        ],
        "regret": [
            0.26082297961287626
        ],
        "y_pred": [
            [
                0.48418578211906743,
                0.4845098744789341,
                0.46609674335331575,
                0.46744426215820745,
                0.47924050267630014,
                0.479509128466186,
                0.4826682430305251,
                0.4589630166620599,
                0.4659603993703031,
                0.459717086297482
            ]
        ],
        "y_std": [
            [
                0.027072922926232184,
                0.026534582142582,
                0.03199091711802801,
                0.031173417040050798,
                0.023418816534171157,
                0.024976173465467637,
                0.019548051877194744,
                0.017193313559442425,
                0.02760619652218471,
                0.026407748921717735
            ]
        ],
        "y_true": [
            [
                0.43593006655379957,
                0.5066935711253259,
                0.45549551253328235,
                0.44131980455062775,
                0.47024073034545977,
                0.47606694737004884,
                0.49227017756289776,
                0.47649834415561565,
                0.4690752858426429,
                0.437556344848987
            ]
        ]
    },
    "LLAMBO": {
        "rmse": [
            0.3235418535034552
        ],
        "r2": [
            -0.044669031912305535
        ],
        "nll": [
            5.566069658808804
        ],
        "mace": [
            0.23700000000000002
        ],
        "sharpness": [
            0.014854592091948593
        ],
        "observed_coverage": [
            0.3
        ],
        "regret": [
            0.021679585074387463
        ],
        "y_pred": [
            [
                0.445,
                0.5066,
                0.5107,
                0.4465,
                0.44678000000000007,
                0.45413333333333333,
                0.46446666666666664,
                0.46547875000000005,
                0.46547875000000005,
                0.44965
            ]
        ],
        "y_std": [
            [
                0.015000000000000013,
                1e-05,
                0.007324388484144381,
                0.003500000000000003,
                0.014171577188160818,
                0.005845416057808777,
                0.004722522866246609,
                0.011023159356646344,
                0.011023159356646344,
                0.037621370256810144
            ]
        ],
        "y_true": [
            [
                0.43593006655379957,
                0.5066935711253259,
                0.45549551253328235,
                0.44131980455062775,
                0.47024073034545977,
                0.47606694737004884,
                0.49227017756289776,
                0.47649834415561565,
                0.4690752858426429,
                0.437556344848987
            ]
        ],
        "llm_query_cost": [
            0.0013999999999999996
        ],
        "llm_query_time": [
            48.87541151046753
        ]
    },
    "LLAMBO_VANILLA": {
        "rmse": [
            0.5285510934159579
        ],
        "r2": [
            -1.7879933503651597
        ],
        "nll": [
            NaN
        ],
        "mace": [
            0.49
        ],
        "sharpness": [
            1e-05
        ],
        "observed_coverage": [
            0.0
        ],
        "regret": [
            0.7510585570358493
        ],
        "y_pred": [
            [
                0.44854999999999995,
                0.44854999999999995,
                0.4986,
                0.44854999999999995,
                0.4356,
                0.44854999999999995,
                0.43,
                0.43,
                0.44854999999999995,
                0.44854999999999995
            ]
        ],
        "y_std": [
            [
                1e-05,
                1e-05,
                1e-05,
                1e-05,
                1e-05,
                1e-05,
                1e-05,
                1e-05,
                1e-05,
                1e-05
            ]
        ],
        "y_true": [
            [
                0.43593006655379957,
                0.5066935711253259,
                0.45549551253328235,
                0.44131980455062775,
                0.47024073034545977,
                0.47606694737004884,
                0.49227017756289776,
                0.47649834415561565,
                0.4690752858426429,
                0.437556344848987
            ]
        ],
        "llm_query_cost": [
            0.00028
        ],
        "llm_query_time": [
            4.158968448638916
        ]
    }
}