{
    "GP": {
        "rmse": [
            1.3630441174455024
        ],
        "r2": [
            -17.541190157250952
        ],
        "nll": [
            1.0962643234225748
        ],
        "mace": [
            0.20593939393939398
        ],
        "sharpness": [
            0.10641981991707156
        ],
        "observed_coverage": [
            0.4
        ],
        "regret": [
            0.02298187893653009
        ],
        "y_pred": [
            [
                0.4900073898478894,
                0.5313321450200718,
                0.4704970888029219,
                0.5440287026096314,
                0.4670746583035373,
                0.5123681659332633,
                0.5046721330117069,
                0.47902470973225975,
                0.43354042255304787,
                0.16191706450221555
            ]
        ],
        "y_std": [
            [
                0.015966300888348574,
                0.007963452334628172,
                0.03283635260490387,
                0.020874856636674485,
                0.003156697466666175,
                0.007349815184834931,
                0.023048022161676566,
                0.038000903992255766,
                0.01075930341813057,
                0.33055170324882077
            ]
        ],
        "y_true": [
            [
                0.43593006655379957,
                0.5066935711253259,
                0.45549551253328235,
                0.44131980455062775,
                0.47024073034545977,
                0.47606694737004884,
                0.49227017756289776,
                0.47649834415561565,
                0.4690752858426429,
                0.437556344848987
            ]
        ]
    },
    "SMAC": {
        "rmse": [
            0.33192427863505547
        ],
        "r2": [
            -0.09950149087279825
        ],
        "nll": [
            -1.6608641057962672
        ],
        "mace": [
            0.17925252525252533
        ],
        "sharpness": [
            0.01232303815525035
        ],
        "observed_coverage": [
            0.4
        ],
        "regret": [
            0.0
        ],
        "y_pred": [
            [
                0.4731805418698067,
                0.4731805418698067,
                0.4731805418698067,
                0.4731805418698067,
                0.4731805418698067,
                0.4731805418698067,
                0.4731805418698067,
                0.4731805418698067,
                0.4731805418698067,
                0.4731805418698067
            ]
        ],
        "y_std": [
            [
                0.01232303815525035,
                0.01232303815525035,
                0.01232303815525035,
                0.01232303815525035,
                0.01232303815525035,
                0.01232303815525035,
                0.01232303815525035,
                0.01232303815525035,
                0.01232303815525035,
                0.01232303815525035
            ]
        ],
        "y_true": [
            [
                0.43593006655379957,
                0.5066935711253259,
                0.45549551253328235,
                0.44131980455062775,
                0.47024073034545977,
                0.47606694737004884,
                0.49227017756289776,
                0.47649834415561565,
                0.4690752858426429,
                0.437556344848987
            ]
        ]
    },
    "LLAMBO": {
        "rmse": [
            0.6323091022850807
        ],
        "r2": [
            -2.9900344897680617
        ],
        "nll": [
            -0.6678883452923333
        ],
        "mace": [
            0.35700000000000004
        ],
        "sharpness": [
            0.01658762271996804
        ],
        "observed_coverage": [
            0.2
        ],
        "regret": [
            0.5732937881957287
        ],
        "y_pred": [
            [
                0.48398,
                0.5226000000000001,
                0.528725,
                0.49155,
                0.49775,
                0.46494,
                0.48456,
                0.49518000000000006,
                0.5084000000000001,
                0.5196399999999999
            ]
        ],
        "y_std": [
            [
                0.015526158571906973,
                0.0088752464754507,
                0.001145371118895496,
                0.022506165821836444,
                0.013358611454788245,
                0.009759631140570851,
                0.009571541150723846,
                0.025625955591938407,
                0.02359169345341704,
                0.018580807302159944
            ]
        ],
        "y_true": [
            [
                0.43593006655379957,
                0.5066935711253259,
                0.45549551253328235,
                0.44131980455062775,
                0.47024073034545977,
                0.47606694737004884,
                0.49227017756289776,
                0.47649834415561565,
                0.4690752858426429,
                0.437556344848987
            ]
        ],
        "llm_query_cost": [
            0.0013999999999999996
        ],
        "llm_query_time": [
            16.983653783798218
        ]
    },
    "LLAMBO_VANILLA": {
        "rmse": [
            0.774696995311226
        ],
        "r2": [
            -4.989375275919553
        ],
        "nll": [
            NaN
        ],
        "mace": [
            0.49
        ],
        "sharpness": [
            1e-05
        ],
        "observed_coverage": [
            0.0
        ],
        "regret": [
            0.5671974707764754
        ],
        "y_pred": [
            [
                0.5136,
                0.5378,
                0.5269,
                0.4891,
                0.5396,
                0.4381,
                0.4865,
                0.45,
                0.4938,
                0.5274
            ]
        ],
        "y_std": [
            [
                1e-05,
                1e-05,
                1e-05,
                1e-05,
                1e-05,
                1e-05,
                1e-05,
                1e-05,
                1e-05,
                1e-05
            ]
        ],
        "y_true": [
            [
                0.43593006655379957,
                0.5066935711253259,
                0.45549551253328235,
                0.44131980455062775,
                0.47024073034545977,
                0.47606694737004884,
                0.49227017756289776,
                0.47649834415561565,
                0.4690752858426429,
                0.437556344848987
            ]
        ],
        "llm_query_cost": [
            0.00028
        ],
        "llm_query_time": [
            3.36673641204834
        ]
    }
}