{"llm_query_cost_breakdown": [0, 0.000392, 0.000392, 0.000392, 0.000392, 0.000392, 0.000392, 0.000392, 0.000392, 0.000448, 0.000392], "llm_query_time_breakdown": [2.192727565765381, 5.003352642059326, 5.168047904968262, 5.099086761474609, 5.487243175506592, 5.925262212753296, 5.712888956069946, 5.541317462921143, 6.266956806182861, 9.450386047363281, 6.711560487747192], "llm_query_cost": 0.003976, "llm_query_time": 62.55883002281189}