{"llm_query_cost_breakdown": [0, 0.019761000000000008, 0.021861000000000002, 0.023975000000000003, 0.026089, 0.023300999999999995, 0.030315, 0.026747000000000003, 0.028482999999999994, 0.033422, 0.035352, 0.04087899999999999, 0.035383, 0.041100000000000005, 0.030476999999999997, 0.040570999999999996, 0.046866000000000005, 0.044031, 0.050705999999999994, 0.057769000000000015, 0.049207], "llm_query_time_breakdown": [0.04024505615234375, 4.7832489013671875, 3.2838664054870605, 3.272714853286743, 50.63652682304382, 3.9173362255096436, 56.75066375732422, 3.0018701553344727, 4.401566505432129, 52.87388300895691, 56.70873284339905, 3.8344571590423584, 56.82229423522949, 3.270174741744995, 57.53007960319519, 3.896547317504883, 58.323607444763184, 58.2054500579834, 61.11670970916748, 57.7862229347229, 3.8892014026641846], "llm_query_cost": 0.7062950000000001, "llm_query_time": 604.3453991413116}